rank,ticker,sector,industry,avg_vol_30d,price,rs_score,rs_delta,rs_delta_momentum,pct_from_52w_high,pct_from_52w_low,range_position,price_vs_sma10,price_vs_sma20,price_vs_sma50,price_vs_sma200,percentile,pct_1m,pct_3m,pct_6m,pct_12m,elite_rs,elite_1m,elite_3m,elite_6m,elite_12m,elite_count,date
1,EURO,Consumer Defensive,Household & Personal Products,3939900,2820.0,1286.96,360.59,-240.73,0.0,1944.9,100.0,5.5,16.6,79.0,354.2,100,98,100,100,100,top1,top2,top1,top1,top1,5,2026-04-17
2,CBRE,Industrials,Marine Shipping,18793140,900.0,948.4,-56.31,137.78,-50.0,3990.9,49.4,8.5,9.7,8.2,21.4,100,82,53,36,100,top1,,,,top1,2,2026-04-17
3,MORA,Communication Services,Telecom Services,6363610,5625.0,833.41,-128.81,-101.33,-64.3,1396.0,34.1,20.0,21.0,-12.0,27.2,99,12,2,100,99,top1,,,top1,top1,3,2026-04-17
4,BUVA,Consumer Cyclical,Lodging,270200980,1300.0,786.35,162.92,261.7,-40.1,2031.1,58.7,11.4,20.4,9.8,52.1,99,90,37,91,99,top1,,,,top1,2,2026-04-17
5,IRSX,Technology,Software - Application,72037745,466.0,743.27,-109.91,-126.26,-40.6,2119.0,58.2,7.6,9.1,-7.6,38.5,99,52,25,93,99,top1,,,,top1,2,2026-04-17
6,UANG,Consumer Cyclical,Leisure,1045430,4590.0,720.23,185.49,376.38,-38.8,2206.5,60.1,21.8,25.3,16.3,52.3,99,96,70,22,99,top1,,,,top1,2,2026-04-17
7,VKTR,Consumer Cyclical,Recreational Vehicles,109739883,985.0,585.15,47.25,89.58,-23.9,1488.7,74.9,6.7,20.5,14.1,102.1,98,88,74,99,98,top2,,,top1,top2,3,2026-04-17
8,TRIN,Real Estate,Real Estate - Development,14016703,835.0,559.25,102.17,318.87,-52.0,998.7,45.6,2.1,6.3,-8.1,46.9,98,93,3,99,98,top2,,,top1,top2,3,2026-04-17
9,ARKO,Utilities,Utilities - Renewable,3617040,7700.0,502.0,55.5,190.02,-34.9,919.9,62.7,-0.1,10.3,1.5,91.7,98,89,41,99,98,top2,,,top1,top2,3,2026-04-17
10,PSKT,Consumer Cyclical,Lodging,53402813,292.0,424.32,106.89,170.67,-27.4,906.9,70.5,9.0,11.9,9.1,60.4,98,77,48,95,97,top2,,,,,1,2026-04-17
11,VISI,Industrials,Industrial Distribution,3104503,675.0,404.8,38.99,36.68,-25.8,423.3,69.9,15.0,16.0,9.2,128.3,98,78,100,99,94,top2,,top1,top1,,3,2026-04-17
12,ENRG,Energy,Oil & Gas E&P,244261696,1785.0,404.52,-42.74,-210.32,-18.9,1022.6,79.7,5.2,12.0,14.6,70.6,97,61,86,93,98,,,,,top2,1,2026-04-17
13,SOFA,Utilities,Utilities - Renewable,7640660,492.0,398.23,-218.74,-310.52,-16.6,1071.4,82.1,9.7,8.6,6.2,83.6,97,35,77,97,96,,,,,,0,2026-04-17
14,RMKO,Energy,Thermal Coal,34570153,600.0,361.18,26.97,98.85,-66.9,574.2,29.7,13.5,20.7,-9.2,71.7,97,80,95,98,96,,,,top2,,1,2026-04-17
15,IMPC,Industrials,Building Products & Equipment,34539720,2340.0,357.45,63.98,122.93,-42.2,729.8,54.6,2.5,12.4,8.1,13.3,97,92,8,46,97,,,,,,0,2026-04-17
16,SINI,Basic Materials,Lumber & Wood Production,735390,16600.0,350.36,127.98,218.71,-13.5,658.0,84.7,25.7,35.2,23.8,99.5,97,99,94,98,97,,top1,,top2,,2,2026-04-17
17,HBAT,Real Estate,Real Estate - Development,1168180,354.0,344.65,-95.06,-36.54,-27.5,883.3,70.4,9.3,10.2,-7.4,42.0,96,6,55,68,98,,,,,top2,1,2026-04-17
18,IFSH,Basic Materials,Other Industrial Metals & Mining,376666,2550.0,316.35,-106.11,-400.06,-21.5,278.9,72.8,-6.9,-5.9,11.9,105.7,96,1,99,98,92,,,top1,top2,,2,2026-04-17
19,HRTA,Consumer Cyclical,Luxury Goods,26149920,2740.0,313.43,-28.23,-70.6,-15.7,527.3,81.9,8.6,10.6,6.8,78.7,96,39,92,97,95,,,,,,0,2026-04-17
20,AMMS,Consumer Defensive,Farm Products,554530,410.0,304.92,-155.85,-158.28,-31.1,1142.4,67.1,2.4,1.9,-3.5,24.5,96,12,43,90,97,,,,,,0,2026-04-17
21,JARR,Consumer Defensive,Farm Products,2062413,2470.0,303.72,6.88,39.56,-69.8,664.2,27.3,10.9,20.2,9.3,-0.5,95,89,23,5,96,,,,,,0,2026-04-17
22,LMAX,Energy,Oil & Gas Refining & Marketing,2569870,179.0,294.79,6.89,16.66,-20.8,588.5,76.5,15.2,14.2,11.0,62.0,95,74,81,94,96,,,,,,0,2026-04-17
23,BSML,Industrials,Marine Shipping,17655126,384.0,288.6,24.94,-41.4,0.0,473.1,100.0,4.7,9.9,18.6,90.4,95,90,97,97,93,,,,,,0,2026-04-17
24,INPS,Industrials,Trucking,480336,520.0,286.26,-180.65,-384.14,-41.6,430.6,53.3,1.8,-9.5,-3.8,88.4,95,4,96,97,95,,,,,,0,2026-04-17
25,BIPI,Industrials,Infrastructure Operations,1711270320,290.0,278.99,-21.04,-163.63,-8.8,297.3,88.6,17.4,29.3,31.4,126.3,95,85,98,97,92,,,top2,,,1,2026-04-17
26,SSTM,Consumer Cyclical,Textile Manufacturing,1263446,805.0,271.45,87.67,415.43,-79.1,419.4,17.6,25.2,28.1,-28.8,-12.9,94,95,1,98,95,,,,top2,,1,2026-04-17
27,AGII,Basic Materials,Chemicals,1979683,3290.0,262.8,-22.31,-129.66,-8.6,360.1,89.3,1.0,-0.2,13.7,99.9,94,28,99,96,88,,,top1,,,1,2026-04-17
28,BULL,Industrials,Marine Shipping,502412900,496.0,253.56,11.05,15.47,-27.6,367.9,67.4,13.1,26.3,13.7,68.3,94,92,68,96,94,,,,,,0,2026-04-17
29,CASH,Industrials,Business Equipment & Supplies,5434166,214.0,248.79,26.88,-0.19,0.0,303.8,100.0,22.2,19.3,27.7,84.9,94,85,99,76,92,,,top1,,,1,2026-04-17
30,ARCI,Basic Materials,Gold,93280316,1605.0,247.32,-78.66,-94.91,-20.9,561.9,76.2,5.1,5.4,-3.9,30.3,93,11,61,91,95,,,,,,0,2026-04-17
31,PIPA,Industrials,Building Products & Equipment,19931420,143.0,240.3,34.55,107.79,-77.1,741.2,20.7,12.5,18.4,-6.7,-30.9,93,77,6,0,97,,,,,,0,2026-04-17
32,TINS,Basic Materials,Other Industrial Metals & Mining,45722090,3840.0,239.17,-42.12,-100.92,-16.5,385.1,80.0,3.7,9.3,4.8,52.9,93,32,90,90,93,,,,,,0,2026-04-17
33,SOHO,Healthcare,Medical Distribution,245976,1970.0,232.25,-21.56,8.91,-41.7,253.9,50.1,-0.7,2.6,-15.1,35.0,93,21,95,95,91,,,,,,0,2026-04-17
34,TRUK,Industrials,Trucking,1821816,478.0,222.38,74.52,170.93,-28.1,387.8,67.0,25.9,49.8,30.3,38.4,93,99,32,91,94,,top1,,,,1,2026-04-17
35,ALKA,Basic Materials,Aluminum,1827690,720.0,219.94,2.35,-91.5,-33.9,155.3,54.2,-3.6,-5.1,10.8,71.4,92,42,98,95,85,,,top2,,,1,2026-04-17
36,PKPK,Industrials,Engineering & Construction,1298180,1930.0,219.85,-30.09,19.09,-20.9,257.4,73.2,1.4,0.6,-3.1,73.2,92,59,83,98,84,,,,top2,,1,2026-04-17
37,SOCI,Industrials,Marine Shipping,56012853,540.0,217.26,-88.9,-179.38,-27.5,293.1,66.3,9.1,14.8,1.0,62.5,92,30,55,96,90,,,,,,0,2026-04-17
38,DEWA,Energy,Thermal Coal,773498463,555.0,215.14,-2.82,38.62,-31.9,545.3,64.3,7.3,16.7,9.4,40.9,92,88,15,90,94,,,,,,0,2026-04-17
39,MMIX,Healthcare,Pharmaceutical Retailers,7274790,274.0,211.08,20.49,-1.59,-4.9,552.4,94.3,6.9,16.4,24.3,42.4,92,95,94,75,93,,,,,,0,2026-04-17
40,LFLO,Consumer Cyclical,"Furnishings, Fixtures & Appliances",11970,570.0,209.75,-16.44,24.02,-32.5,432.7,62.7,2.1,1.2,0.4,20.5,91,41,53,91,95,,,,,,0,2026-04-17
41,PBSA,Industrials,Engineering & Construction,2707360,1240.0,208.74,-7.05,81.28,-53.9,341.3,39.8,5.8,5.8,-7.0,14.4,91,40,30,86,93,,,,,,0,2026-04-17
42,OILS,Consumer Defensive,Packaged Foods,72639256,296.0,202.09,31.15,-0.18,-5.1,265.4,93.1,2.2,10.4,27.2,52.0,91,94,93,81,92,,,,,,0,2026-04-17
43,TCPI,Industrials,Marine Shipping,4535810,13350.0,198.91,17.33,-15.71,0.0,165.9,100.0,5.9,11.2,15.0,65.1,91,82,97,95,81,,,,,,0,2026-04-17
44,INDY,Energy,Thermal Coal,26789956,3530.0,197.89,-47.88,-105.49,-16.7,290.1,78.7,-2.1,1.3,-0.7,50.0,90,5,97,87,87,,,,,,0,2026-04-17
45,ITMA,Basic Materials,Other Industrial Metals & Mining,4396623,1940.0,191.25,-60.31,-104.1,-30.2,191.7,60.3,-0.8,-10.3,-14.6,28.0,90,0,83,93,88,,,,,,0,2026-04-17
46,FPNI,Basic Materials,Specialty Chemicals,7363840,520.0,189.62,42.56,139.12,-69.9,204.1,22.5,11.2,21.7,3.7,13.3,90,91,7,96,89,,,,,,0,2026-04-17
47,FLMC,Consumer Defensive,Household & Personal Products,1136526,151.0,188.7,45.03,66.3,-53.1,420.7,41.6,3.6,6.7,6.3,3.5,90,55,76,15,91,,,,,,0,2026-04-17
48,MSIN,Communication Services,Entertainment,36083530,960.0,188.38,85.65,41.13,-27.3,228.8,65.0,-9.2,19.7,61.2,84.0,90,100,99,92,37,,top1,top1,,,2,2026-04-17
49,APLN,Real Estate,Real Estate - Development,67895616,178.0,184.59,35.02,18.43,-12.7,122.5,79.0,4.2,9.1,18.2,52.0,89,94,98,92,79,,,top2,,,1,2026-04-17
50,MINA,Consumer Cyclical,Lodging,268213800,336.0,184.24,7.09,22.69,-47.1,407.2,47.4,14.3,23.4,8.6,28.8,89,83,12,89,86,,,,,,0,2026-04-17
51,ASGR,Industrials,Specialty Business Services,1286953,1830.0,183.82,23.5,26.11,0.0,157.1,100.0,9.1,13.8,11.6,46.1,89,85,96,89,85,,,,,,0,2026-04-17
52,WIIM,Consumer Defensive,Tobacco,4553413,1850.0,183.1,-46.97,-80.8,-11.9,237.6,83.9,1.6,-0.6,-3.5,33.7,89,5,87,86,90,,,,,,0,2026-04-17
53,CITY,Real Estate,Real Estate - Development,3568623,238.0,181.57,55.53,102.54,-48.5,235.2,42.7,24.7,40.7,22.7,31.9,89,99,14,94,89,,top1,,,,1,2026-04-17
54,MSJA,Consumer Cyclical,Textile Manufacturing,12180523,545.0,177.35,44.49,33.67,0.0,96.8,100.0,6.5,15.6,26.2,58.5,88,95,98,92,74,,,top2,,,1,2026-04-17
55,DGNS,Healthcare,Diagnostics & Research,2802663,288.0,174.25,-14.53,-28.34,-12.2,123.3,79.9,-1.5,-1.7,-4.1,45.1,88,10,97,94,72,,,,,,0,2026-04-17
56,INCO,Basic Materials,Other Industrial Metals & Mining,25070610,6775.0,173.59,-10.14,-30.31,-14.2,273.8,81.5,10.2,15.8,6.9,42.7,88,64,92,88,88,,,,,,0,2026-04-17
57,OASA,Utilities,Utilities - Renewable,76889266,360.0,173.28,4.75,41.04,-30.8,249.5,61.6,12.9,25.2,3.1,33.1,88,87,85,87,90,,,,,,0,2026-04-17
58,MEGA,Financial Services,Banks - Regional,658630,2740.0,172.51,49.51,14.97,-7.1,76.2,84.9,4.6,16.8,35.4,61.1,87,97,98,90,68,,,top2,,,1,2026-04-17
59,PNGO,Consumer Defensive,Farm Products,22173,3690.0,170.95,21.99,10.42,0.0,163.8,100.0,11.1,15.1,17.0,34.2,87,87,91,82,86,,,,,,0,2026-04-17
60,LAPD,,,39646576,82.0,170.33,16.55,48.36,-76.7,446.7,19.9,3.9,2.6,-16.4,-40.5,87,7,5,0,93,,,,,,0,2026-04-17
61,FUTR,Utilities,Utilities - Renewable,25030533,272.0,168.66,27.24,117.2,-66.0,423.1,29.4,5.0,13.1,-10.7,-32.0,87,72,1,5,88,,,,,,0,2026-04-17
62,LOPI,Industrials,Integrated Freight & Logistics,2126673,115.0,168.2,-10.9,53.61,-41.3,283.3,51.2,3.5,6.3,-10.2,11.0,87,44,8,81,89,,,,,,0,2026-04-17
63,ADMR,Basic Materials,Coking Coal,67030123,1940.0,167.42,-26.21,-71.85,-14.9,157.6,77.7,5.6,2.2,-0.5,35.5,86,28,82,92,83,,,,,,0,2026-04-17
64,LEAD,Industrials,Marine Shipping,102366476,168.0,167.19,-2.89,3.6,-26.3,166.7,63.6,17.2,26.2,12.6,53.7,86,93,26,93,85,,,,,,0,2026-04-17
65,SIMP,Consumer Defensive,Packaged Foods,31949730,845.0,165.03,41.36,24.34,-5.1,147.0,91.8,15.7,26.3,36.8,40.2,86,97,96,85,82,,,,,,0,2026-04-17
66,AADI,Energy,Thermal Coal,27833430,10950.0,163.59,14.77,-29.29,-6.2,102.9,88.5,4.0,2.7,13.5,42.0,86,57,97,89,71,,,,,,0,2026-04-17
67,ERTX,Consumer Cyclical,Apparel Manufacturing,2814863,218.0,161.32,-21.42,-15.63,-35.9,179.5,53.4,3.6,3.6,-5.6,24.8,85,20,65,87,86,,,,,,0,2026-04-17
68,MDKA,Basic Materials,Other Industrial Metals & Mining,61502453,3320.0,160.86,-8.71,-35.61,-15.7,219.2,78.6,2.3,2.8,0.5,27.4,85,16,93,88,83,,,,,,0,2026-04-17
69,PTPS,Consumer Defensive,Farm Products,7476766,185.0,160.57,-6.45,-6.59,-19.5,204.2,73.4,-0.2,-1.6,-2.9,6.5,85,24,70,65,88,,,,,,0,2026-04-17
70,AYAM,Consumer Defensive,Farm Products,35272056,346.0,159.84,-2.17,66.77,-27.6,150.7,61.2,3.5,8.3,-2.4,28.0,85,77,21,93,85,,,,,,0,2026-04-17
71,NASI,Consumer Defensive,Farm Products,21862960,157.0,159.34,-32.65,-33.33,-16.5,185.5,76.7,5.2,7.0,-2.4,34.2,85,16,95,78,84,,,,,,0,2026-04-17
72,TALF,Consumer Cyclical,Packaging & Containers,318803,610.0,157.35,11.71,29.94,-34.1,128.2,52.1,-5.4,-7.0,-2.5,26.7,84,73,87,78,79,,,,,,0,2026-04-17
73,ELSA,Energy,Oil & Gas Equipment & Services,145890186,710.0,156.43,-20.95,-58.22,-29.0,106.2,55.8,-0.1,-0.9,-5.7,25.7,84,4,96,87,77,,,,,,0,2026-04-17
74,ANTM,Basic Materials,Gold,109681690,4060.0,153.08,-9.63,-18.41,-14.7,204.4,79.6,8.0,9.8,2.4,20.1,84,37,90,80,87,,,,,,0,2026-04-17
75,JMAS,Financial Services,Insurance - Life,1698076,264.0,153.08,17.34,26.25,-19.5,111.2,68.5,16.0,23.3,20.0,47.5,84,96,38,94,75,,,,,,0,2026-04-17
76,TAPG,Consumer Defensive,Farm Products,32624520,1785.0,153.01,-5.3,-41.38,-7.7,155.6,88.0,-2.1,-0.4,8.7,17.0,84,61,89,53,84,,,,,,0,2026-04-17
77,GZCO,Consumer Defensive,Farm Products,34121266,220.0,152.54,34.01,44.89,-44.2,168.3,44.2,4.6,12.9,9.1,4.3,83,86,31,59,83,,,,,,0,2026-04-17
78,GTRA,Industrials,Integrated Freight & Logistics,1529300,272.0,152.36,4.32,66.09,-35.8,217.0,55.1,9.1,15.1,-4.6,9.0,83,78,48,62,87,,,,,,0,2026-04-17
79,BUMI,Energy,Thermal Coal,4301641310,250.0,152.09,-21.06,-12.03,-46.1,224.7,44.7,1.8,8.0,0.7,22.2,83,52,6,88,87,,,,,,0,2026-04-17
80,ADRO,Energy,Thermal Coal,101014783,2510.0,151.91,10.74,-21.56,-4.6,79.0,90.2,1.8,0.5,6.2,33.1,83,57,95,90,67,,,,,,0,2026-04-17
81,SAFE,Industrials,Railroads,475870,390.0,151.9,-15.96,13.96,-11.4,145.3,82.2,1.2,-0.1,0.9,37.8,82,53,67,95,67,,,,,,0,2026-04-17
82,DKFT,Basic Materials,Other Industrial Metals & Mining,14167266,760.0,150.74,-12.61,36.61,-23.2,325.1,71.6,5.8,7.3,-2.2,5.8,82,52,31,61,91,,,,,,0,2026-04-17
83,TOTL,Industrials,Engineering & Construction,3550843,1110.0,150.36,14.56,14.38,-2.2,140.5,96.3,2.2,5.3,5.5,22.3,82,70,84,85,82,,,,,,0,2026-04-17
84,SOSS,Industrials,Staffing & Employment Services,28743,950.0,150.23,28.31,30.14,-26.9,162.2,62.7,-2.2,5.4,11.7,17.1,82,94,71,48,80,,,,,,0,2026-04-17
85,INKP,Basic Materials,Paper & Paper Products,9693243,10050.0,149.68,12.66,-0.07,-16.2,133.0,74.6,2.5,3.5,3.0,23.3,82,50,80,84,78,,,,,,0,2026-04-17
86,DSNG,Consumer Defensive,Farm Products,10779076,1635.0,148.99,35.99,33.75,-16.2,144.3,75.4,-3.0,1.8,10.3,10.4,81,92,81,47,80,,,,,,0,2026-04-17
87,INET,Communication Services,Telecom Services,297964916,326.0,148.28,19.2,100.15,-65.1,274.8,28.2,11.3,17.8,0.0,-10.8,81,84,3,66,91,,,,,,0,2026-04-17
88,MAIN,Consumer Defensive,Packaged Foods,4777670,1070.0,147.39,22.75,-5.87,0.0,84.5,100.0,6.8,14.0,26.0,39.6,81,91,93,87,63,,,,,,0,2026-04-17
89,MBMA,Basic Materials,Other Precious Metals & Mining,206356096,735.0,147.11,-30.27,-79.93,-18.8,203.7,74.4,-0.1,2.1,-0.0,23.7,81,24,87,72,82,,,,,,0,2026-04-17
90,TKIM,Basic Materials,Paper & Paper Products,4648253,9125.0,146.27,-4.19,-47.82,-18.5,106.0,69.3,-0.0,1.3,6.9,24.9,80,17,90,82,76,,,,,,0,2026-04-17
91,KONI,Consumer Cyclical,Specialty Retail,89456,2330.0,145.31,57.21,68.12,-38.4,94.2,43.8,17.9,35.6,29.2,17.9,80,98,80,84,73,,top2,,,,1,2026-04-17
92,SKBM,Consumer Defensive,Packaged Foods,1660080,630.0,144.97,-20.17,-68.99,-47.9,120.3,37.2,-3.1,-6.3,-8.0,24.0,80,25,90,78,71,,,,,,0,2026-04-17
93,KOKA,Industrials,Engineering & Construction,12061796,191.0,143.47,-51.52,-33.33,-53.4,198.4,36.7,4.1,0.9,-14.1,-11.9,80,2,12,4,85,,,,,,0,2026-04-17
94,ASPI,Consumer Cyclical,Residential Construction,944433,468.0,138.9,24.86,71.4,-61.8,249.3,30.6,16.8,36.8,26.9,-11.1,80,100,15,19,86,,top1,,,,1,2026-04-17
95,UNIC,Basic Materials,Chemicals,8193,11100.0,138.71,17.53,5.72,-16.5,73.0,68.0,0.3,2.7,4.9,24.4,79,79,93,80,67,,,,,,0,2026-04-17
96,BOLA,Communication Services,Entertainment,1077073,177.0,138.08,8.55,3.12,-21.7,121.2,66.4,9.1,10.9,5.9,5.1,79,69,72,51,77,,,,,,0,2026-04-17
97,INTD,Basic Materials,Paper & Paper Products,422213,276.0,136.8,22.98,38.03,-29.2,55.9,46.5,6.6,9.8,3.7,22.8,79,89,92,86,55,,,,,,0,2026-04-17
98,RAJA,Utilities,Utilities - Regulated Gas,34024563,4690.0,135.82,33.16,48.5,-42.1,227.2,48.9,9.2,18.3,12.1,12.8,79,95,11,71,81,,,,,,0,2026-04-17
99,ISSP,Basic Materials,Steel,1561913,488.0,135.61,-12.74,-30.87,-11.3,108.3,80.4,1.0,2.2,1.1,14.9,79,27,83,72,75,,,,,,0,2026-04-17
100,INOV,Industrials,Waste Management,4383883,140.0,135.55,1.64,-2.5,-43.1,72.8,35.8,0.2,2.4,-5.1,15.4,78,45,80,83,65,,,,,,0,2026-04-17
101,KRAS,Basic Materials,Steel,13377716,308.0,134.91,-23.78,-16.72,-27.4,217.5,64.5,2.8,4.1,-3.9,-4.6,78,49,62,30,90,,,,,,0,2026-04-17
102,ASJT,Financial Services,Insurance - Property & Casualty,785340,190.0,134.85,-29.91,-47.02,-25.2,100.0,59.7,1.9,1.3,-0.1,29.7,78,40,32,88,72,,,,,,0,2026-04-17
103,NICL,Basic Materials,Other Industrial Metals & Mining,31417093,990.0,134.58,-9.73,31.87,-47.1,282.8,45.4,10.4,12.3,-3.1,-9.2,78,53,6,35,92,,,,,,0,2026-04-17
104,ALII,Industrials,Marine Shipping,2193280,865.0,134.28,-18.67,-33.15,-34.0,152.2,54.0,9.6,15.1,8.5,21.8,77,72,12,89,83,,,,,,0,2026-04-17
105,MEDC,Energy,Oil & Gas E&P,215789353,1710.0,134.15,-12.83,-48.23,-14.3,90.3,74.0,5.4,0.4,2.7,22.6,77,30,88,71,73,,,,,,0,2026-04-17
106,CBPE,Real Estate,Real Estate - Development,549390,318.0,134.05,-0.92,3.51,-17.2,80.7,68.3,-3.4,-1.2,3.6,22.6,77,62,73,82,65,,,,,,0,2026-04-17
107,PTRO,Basic Materials,Other Industrial Metals & Mining,97496946,6250.0,134.03,20.13,46.75,-51.6,233.3,39.7,15.0,25.7,7.3,-3.9,77,89,5,33,83,,,,,,0,2026-04-17
108,URBN,Real Estate,Real Estate - Development,491903,192.0,133.85,20.7,38.48,-33.3,106.5,50.8,7.5,16.0,9.9,18.5,77,88,59,85,74,,,,,,0,2026-04-17
109,CGAS,Energy,Oil & Gas Refining & Marketing,11813470,167.0,133.6,2.15,8.52,-28.0,123.2,58.6,0.8,1.8,-1.0,10.5,76,45,26,68,78,,,,,,0,2026-04-17
110,BRMS,Basic Materials,Other Industrial Metals & Mining,418399253,855.0,133.03,-29.65,-20.16,-34.7,209.8,56.0,3.6,9.3,-5.8,5.3,76,32,13,36,81,,,,,,0,2026-04-17
111,LSIP,Consumer Defensive,Farm Products,20475093,1600.0,132.8,21.0,-2.17,0.0,68.8,100.0,6.1,11.5,23.7,22.6,76,90,95,75,61,,,,,,0,2026-04-17
112,BEER,Consumer Defensive,Beverages - Wineries & Distilleries,19797893,151.0,132.8,20.49,62.08,-41.9,135.9,44.4,2.0,8.2,-2.0,6.8,76,70,20,82,73,,,,,,0,2026-04-17
113,KICI,Consumer Cyclical,"Furnishings, Fixtures & Appliances",843420,196.0,132.53,14.55,44.49,-35.9,83.2,44.7,2.4,5.4,-4.1,7.4,75,75,55,83,67,,,,,,0,2026-04-17
114,MRAT,Consumer Defensive,Household & Personal Products,450293,414.0,132.33,-12.81,-20.12,-42.1,99.0,40.6,-1.3,-1.5,-5.1,10.9,75,17,54,86,70,,,,,,0,2026-04-17
115,ADES,Consumer Defensive,Beverages - Non-Alcoholic,62140,16400.0,132.15,6.32,-3.33,-3.1,83.8,93.4,-0.5,1.9,4.9,13.5,75,72,83,74,72,,,,,,0,2026-04-17
116,AMIN,Industrials,Specialty Industrial Machinery,35156,244.0,131.91,-0.94,0.4,-17.0,99.1,70.8,3.3,3.9,-3.3,5.2,75,32,62,60,77,,,,,,0,2026-04-17
117,CLPI,Basic Materials,Specialty Chemicals,109623,1595.0,131.89,2.97,-6.17,-0.9,76.2,97.9,0.1,1.2,1.8,14.3,75,50,81,79,69,,,,,,0,2026-04-17
118,BMTR,Communication Services,Entertainment,61313753,186.0,131.82,40.05,34.74,0.0,53.7,100.0,22.9,33.1,33.6,30.6,74,98,94,75,49,,top2,,,,1,2026-04-17
119,AHAP,Financial Services,Insurance - Property & Casualty,81451796,127.0,131.61,-11.91,3.27,-33.5,135.2,53.3,8.3,13.4,1.0,27.0,74,66,16,88,70,,,,,,0,2026-04-17
120,KETR,Technology,Communication Equipment,26377056,446.0,131.15,-9.62,120.15,-69.9,178.8,21.7,6.7,8.1,-17.1,-20.1,74,58,1,17,87,,,,,,0,2026-04-17
121,IDPR,Industrials,Engineering & Construction,220463,306.0,130.87,-10.45,-33.81,-53.6,98.8,30.1,0.3,0.9,4.3,4.0,74,41,88,11,78,,,,,,0,2026-04-17
122,BRPT,Basic Materials,Chemicals,163121400,2270.0,130.24,35.48,67.11,-47.0,278.3,45.4,20.1,39.6,23.6,-14.4,74,98,20,8,90,,top2,,,,1,2026-04-17
123,MHKI,Industrials,Waste Management,20087763,198.0,129.95,1.4,34.49,-36.5,126.3,49.2,6.6,13.3,-4.3,1.5,73,72,40,55,80,,,,,,0,2026-04-17
124,IPCC,Industrials,Integrated Freight & Logistics,1479366,1300.0,129.56,3.52,7.56,-7.8,93.1,85.1,1.0,2.4,0.9,9.5,73,63,65,79,76,,,,,,0,2026-04-17
125,SMAR,Consumer Defensive,Farm Products,226206,5450.0,129.32,1.13,-3.51,-20.7,62.7,59.6,6.5,7.3,0.6,9.9,73,30,84,61,64,,,,,,0,2026-04-17
126,JPFA,Consumer Defensive,Farm Products,18784633,2670.0,129.27,9.91,11.21,-8.9,87.4,82.7,3.8,8.6,7.6,20.6,73,80,68,80,52,,,,,,0,2026-04-17
127,CSIS,Real Estate,Real Estate - Development,4620573,178.0,129.26,-20.78,30.16,-65.8,212.3,26.1,7.6,9.6,-10.7,-17.6,72,40,2,25,82,,,,,,0,2026-04-17
128,TFAS,Industrials,Staffing & Employment Services,866413,222.0,128.22,-17.58,-25.74,-45.9,152.3,41.6,2.6,4.2,-1.0,3.2,72,41,25,32,84,,,,,,0,2026-04-17
129,APEX,Energy,Oil & Gas Drilling,79638450,199.0,128.2,-21.15,-22.05,-33.7,151.9,54.3,1.0,3.5,-3.3,13.9,72,16,22,84,78,,,,,,0,2026-04-17
130,EMTK,Communication Services,Broadcasting,44395190,955.0,128.16,41.21,73.66,-38.7,111.5,45.5,13.8,18.3,12.4,-5.6,72,96,43,12,77,,,,,,0,2026-04-17
131,BBTN,Financial Services,Banks - Regional,23801073,1335.0,128.13,11.28,4.4,-5.3,84.2,89.1,3.0,4.1,2.7,8.9,72,51,89,65,70,,,,,,0,2026-04-17
132,STAA,Consumer Defensive,Farm Products,5996606,1270.0,127.95,-1.8,-19.82,-33.0,71.1,45.8,-0.8,1.0,3.6,6.8,71,42,67,70,65,,,,,,0,2026-04-17
133,NCKL,Basic Materials,Other Industrial Metals & Mining,79553763,1170.0,127.81,-41.81,-74.25,-24.3,119.1,62.9,3.1,2.0,-9.8,6.8,71,3,52,56,70,,,,,,0,2026-04-17
134,BBHI,Financial Services,Banks - Regional,417693,1300.0,127.68,-10.16,-16.35,-20.5,120.2,67.9,-0.1,-0.7,-4.2,-6.2,71,22,46,32,80,,,,,,0,2026-04-17
135,LPCK,Real Estate,Real Estate - Development,1273770,675.0,126.72,-6.47,-5.15,-31.1,57.0,44.5,5.4,5.3,-7.1,9.4,71,10,89,60,54,,,,,,0,2026-04-17
136,TRIM,Financial Services,Capital Markets,793773,590.0,126.65,7.73,33.83,-22.9,83.2,60.5,5.9,11.3,4.4,13.1,70,79,39,74,69,,,,,,0,2026-04-17
137,ITMG,Energy,Thermal Coal,5629860,26825.0,126.6,-5.36,-44.86,-10.8,39.6,70.1,-0.3,-3.6,6.9,18.0,70,18,92,76,51,,,,,,0,2026-04-17
138,BFIN,Financial Services,Credit Services,28007300,905.0,125.83,23.21,5.02,0.0,40.3,100.0,26.4,26.1,24.7,22.5,70,88,94,78,45,,,,,,0,2026-04-17
139,UNTR,Basic Materials,Other Industrial Metals & Mining,3949513,31475.0,125.75,2.58,-16.58,-1.6,71.2,96.3,1.9,2.8,7.4,17.2,70,58,73,74,60,,,,,,0,2026-04-17
140,DIVA,Technology,Software - Application,18006590,166.0,125.32,15.51,0.59,-27.2,130.6,60.3,7.0,17.5,12.4,10.3,70,85,68,60,71,,,,,,0,2026-04-17
141,AKRA,Energy,Oil & Gas Refining & Marketing,31153720,1445.0,125.15,16.23,7.96,-2.4,73.6,94.6,2.7,5.9,9.8,16.3,69,82,87,81,54,,,,,,0,2026-04-17
142,PTBA,Energy,Thermal Coal,45744140,2870.0,124.88,-2.31,-29.64,-9.7,40.6,72.8,-1.3,-3.4,3.1,15.7,69,23,92,78,50,,,,,,0,2026-04-17
143,WGSH,Technology,Software - Infrastructure,939503,135.0,124.75,-16.34,1.34,-15.1,73.1,70.4,18.1,13.1,6.9,16.2,69,78,65,62,68,,,,,,0,2026-04-17
144,TBMS,Industrials,Metal Fabrication,44186,1340.0,124.54,-6.29,-11.56,-14.1,64.9,70.6,3.3,3.4,-2.1,7.2,69,41,61,63,63,,,,,,0,2026-04-17
145,GGRM,Consumer Defensive,Tobacco,636973,14425.0,124.31,-19.18,-31.6,-18.3,76.2,65.9,0.1,1.1,-5.7,12.2,69,13,77,63,52,,,,,,0,2026-04-17
146,ESSA,Basic Materials,Chemicals,186633246,760.0,124.2,3.44,-29.23,-8.4,43.0,76.5,2.9,3.0,9.7,18.0,68,49,91,62,52,,,,,,0,2026-04-17
147,SHIP,Energy,Oil & Gas Equipment & Services,78260,3690.0,123.9,-39.51,-29.17,-49.5,179.6,39.6,-2.5,-3.8,-7.7,-16.6,68,31,28,4,89,,,,,,0,2026-04-17
148,AUTO,Consumer Cyclical,Auto Parts,3017783,2730.0,123.86,2.44,-8.73,-5.9,64.4,86.3,4.3,4.8,3.1,11.4,68,45,75,76,59,,,,,,0,2026-04-17
149,AIMS,Energy,Thermal Coal,1997383,452.0,123.84,8.35,-1.71,-44.9,62.6,32.1,4.1,4.2,2.0,12.8,68,60,91,67,41,,,,,,0,2026-04-17
150,TUGU,Financial Services,Insurance - Diversified,3065800,1290.0,123.52,-4.4,-13.64,-11.9,57.7,73.0,2.5,3.0,0.8,17.7,67,48,79,80,55,,,,,,0,2026-04-17
151,IMAS,Consumer Cyclical,Auto & Truck Dealerships,739743,1240.0,123.49,20.79,17.17,-10.5,68.4,77.6,20.1,21.6,17.5,13.4,67,86,81,55,60,,,,,,0,2026-04-17
152,LABS,Healthcare,Medical Devices,1006596,160.0,123.47,9.19,-3.33,-2.4,44.1,92.5,-0.3,1.5,6.2,12.4,67,62,91,70,54,,,,,,0,2026-04-17
153,PSAB,Basic Materials,Gold,91832996,565.0,123.39,2.92,5.99,-20.4,145.7,69.8,8.0,10.9,7.3,6.7,67,75,61,57,75,,,,,,0,2026-04-17
154,INAI,Basic Materials,Aluminum,5182943,194.0,122.94,-21.28,-46.5,-33.6,32.9,32.9,1.3,1.6,-4.6,13.8,67,36,93,79,36,,,,,,0,2026-04-17
155,AALI,Consumer Defensive,Farm Products,1034116,8150.0,122.56,9.75,2.57,0.0,63.4,100.0,3.2,6.7,8.2,11.3,66,75,82,57,59,,,,,,0,2026-04-17
156,SCMA,Communication Services,Broadcasting,114634460,290.0,122.31,22.93,31.66,-35.4,106.4,48.5,4.3,6.8,7.5,-1.9,66,83,36,18,68,,,,,,0,2026-04-17
157,WINS,Industrials,Marine Shipping,2972820,510.0,121.7,-11.51,-27.72,-12.1,56.7,72.5,0.8,0.6,-2.8,12.8,66,19,71,73,58,,,,,,0,2026-04-17
158,CYBR,Technology,Software - Infrastructure,14729343,1360.0,121.31,-32.21,-8.08,-26.9,121.1,59.8,-2.9,-0.9,-7.6,6.2,66,14,23,69,76,,,,,,0,2026-04-17
159,CINT,Consumer Cyclical,"Furnishings, Fixtures & Appliances",561883,210.0,120.8,7.67,12.71,-13.9,61.2,70.1,3.1,5.1,3.8,15.5,66,66,64,83,56,,,,,,0,2026-04-17
160,TEBE,Industrials,Infrastructure Operations,5274000,1385.0,120.62,-1.5,-5.84,-66.0,150.1,23.6,1.0,12.7,4.3,-15.5,65,90,9,6,76,,,,,,0,2026-04-17
161,KSIX,Real Estate,Real Estate - Development,164323,326.0,120.61,-1.7,,-27.6,83.1,54.4,-1.6,-0.5,-4.7,7.0,65,60,22,77,64,,,,,,0,2026-04-17
162,PGLI,Consumer Cyclical,Lodging,229993,212.0,120.27,3.69,-15.83,-60.7,86.0,23.0,0.7,0.5,-1.9,-12.6,65,30,57,30,61,,,,,,0,2026-04-17
163,EXCL,Communication Services,Telecom Services,25198446,3160.0,120.09,-1.43,-5.29,-29.6,60.1,47.1,3.1,6.9,4.5,11.2,65,73,40,80,62,,,,,,0,2026-04-17
164,CUAN,Energy,Thermal Coal,326928640,1545.0,120.04,25.98,53.89,-44.2,225.9,46.6,17.4,25.8,5.6,-12.7,64,88,17,47,82,,,,,,0,2026-04-17
165,DSSA,Energy,Thermal Coal,67772090,3280.0,119.6,3.24,32.36,-29.3,104.1,55.2,9.3,16.6,1.9,-7.9,64,59,44,23,77,,,,,,0,2026-04-17
166,BUKK,Industrials,Engineering & Construction,117766,1300.0,119.54,-19.18,13.69,-45.8,74.5,33.5,0.1,-7.1,-11.9,5.4,64,6,24,79,63,,,,,,0,2026-04-17
167,NICK,Real Estate,Real Estate Services,25053,1320.0,119.5,7.49,18.78,-15.4,91.3,72.4,2.8,7.7,6.9,3.9,64,91,72,70,69,,,,,,0,2026-04-17
168,TCID,Consumer Defensive,Household & Personal Products,111566,3010.0,119.25,-2.95,-6.11,-26.2,97.4,58.1,8.9,11.3,3.6,5.5,64,38,76,42,68,,,,,,0,2026-04-17
169,MERK,Healthcare,Drug Manufacturers - Specialty & Generic,45620,3650.0,118.41,16.27,8.11,0.0,30.8,100.0,4.5,10.5,13.4,19.4,63,84,84,81,38,,,,,,0,2026-04-17
170,CSRA,Consumer Defensive,Farm Products,681683,905.0,117.86,-7.5,-2.32,-15.8,61.2,66.9,-1.1,-1.7,-5.5,5.3,63,24,69,69,51,,,,,,0,2026-04-17
171,PART,Consumer Cyclical,Auto Parts,15065213,129.0,117.67,-10.82,-39.29,-39.7,48.8,33.2,4.9,6.3,-3.0,4.1,63,39,90,77,41,,,,,,0,2026-04-17
172,BAJA,Basic Materials,Steel,1267940,163.0,117.26,0.98,-3.94,-17.3,129.6,73.0,5.8,10.9,8.9,9.5,63,70,66,50,72,,,,,,0,2026-04-17
173,WEHA,Industrials,Railroads,28721663,138.0,117.19,-2.01,-1.87,-21.1,68.2,60.2,6.2,8.7,2.5,12.9,62,69,74,73,46,,,,,,0,2026-04-17
174,ATIC,Technology,Information Technology Services,206773,570.0,117.17,1.45,4.39,-30.5,51.6,43.7,7.1,8.0,-0.2,8.0,62,57,44,83,46,,,,,,0,2026-04-17
175,ELIT,Technology,Information Technology Services,9318003,222.0,117.14,-8.38,19.23,-42.8,52.7,31.6,4.1,7.7,-5.9,9.1,62,74,71,72,42,,,,,,0,2026-04-17
176,GHON,Communication Services,Telecom Services,12200,1795.0,117.11,1.34,-8.4,-9.1,41.1,74.4,0.4,0.3,0.2,6.0,62,32,82,63,55,,,,,,0,2026-04-17
177,PGAS,Utilities,Utilities - Regulated Gas,59502326,1905.0,116.81,-2.83,1.03,-22.2,45.9,52.4,4.3,1.8,-8.3,4.4,62,21,73,73,53,,,,,,0,2026-04-17
178,MOLI,Basic Materials,Chemicals,4602033,266.0,116.67,16.38,12.56,-33.5,49.4,39.6,4.4,10.6,6.2,2.6,61,80,45,75,55,,,,,,0,2026-04-17
179,TRON,Technology,Information Technology Services,22943316,160.0,116.64,-10.07,22.63,-49.7,119.2,35.5,-0.9,14.0,1.7,20.7,61,93,5,92,48,,,,,,0,2026-04-17
180,RUNS,Technology,Software - Application,5409106,82.0,116.31,-5.21,-3.35,-41.0,70.8,37.4,1.6,-9.2,-9.8,-8.0,61,6,52,15,65,,,,,,0,2026-04-17
181,GJTL,Consumer Cyclical,Auto Parts,5979816,1220.0,115.85,13.66,7.36,0.0,44.3,100.0,7.5,12.0,12.9,15.5,61,83,85,75,39,,,,,,0,2026-04-17
182,BMSR,Basic Materials,Chemicals,144503,342.0,115.73,5.22,-2.09,-1.7,44.9,94.6,2.1,5.0,4.9,15.1,61,77,77,66,37,,,,,,0,2026-04-17
183,LPPF,Consumer Cyclical,Department Stores,3937790,1925.0,115.72,-4.58,-12.03,-2.5,30.0,89.9,2.0,3.3,2.6,11.6,60,52,84,73,40,,,,,,0,2026-04-17
184,BUKA,Consumer Cyclical,Internet Retail,122344473,171.0,115.72,26.49,24.0,-12.3,42.5,68.0,14.4,18.5,19.2,9.5,60,92,80,47,47,,,,,,0,2026-04-17
185,RALS,Consumer Cyclical,Department Stores,11162520,448.0,115.69,-8.7,-13.72,-15.5,54.3,65.8,3.5,0.4,-4.4,5.1,60,15,77,67,56,,,,,,0,2026-04-17
186,ASII,Industrials,Conglomerates,41471213,6200.0,115.6,0.21,9.31,-16.2,50.3,63.4,0.7,1.0,-2.3,4.6,60,48,52,63,58,,,,,,0,2026-04-17
187,VINS,Financial Services,Insurance - Property & Casualty,411796,173.0,115.44,-16.54,-3.43,-33.5,71.3,45.3,3.3,6.0,-3.7,12.6,59,65,14,77,67,,,,,,0,2026-04-17
188,PEVE,Healthcare,Pharmaceutical Retailers,142383,470.0,114.92,-14.12,-1.95,-26.0,79.4,55.8,-1.2,-3.0,-9.3,-1.8,59,13,27,42,70,,,,,,0,2026-04-17
189,MPXL,Industrials,Trucking,1440073,166.0,114.79,7.62,0.69,-43.5,85.9,37.5,5.5,8.0,8.6,-3.0,59,76,29,31,74,,,,,,0,2026-04-17
190,VERN,Communication Services,Entertainment,4788036,137.0,114.4,40.73,46.11,-22.2,65.1,58.1,0.7,17.1,25.3,9.7,59,98,86,43,52,,top2,,,,1,2026-04-17
191,NFCX,Communication Services,Internet Content & Information,77373,1855.0,114.37,14.63,-8.69,-14.1,53.9,68.1,1.6,2.8,9.1,7.5,59,77,85,69,45,,,,,,0,2026-04-17
192,CFIN,Financial Services,Credit Services,2776290,344.0,114.29,6.39,-0.4,-1.1,44.6,96.4,2.7,4.1,4.8,7.1,58,57,78,65,51,,,,,,0,2026-04-17
193,SMDR,Industrials,Marine Shipping,41026970,362.0,113.56,-14.94,-22.03,-19.2,85.9,66.0,3.7,3.9,-2.3,5.4,58,32,41,72,64,,,,,,0,2026-04-17
194,MARK,Healthcare,Medical Instruments & Supplies,9454513,815.0,113.45,10.13,15.06,-6.3,36.5,79.9,-0.2,2.9,1.9,13.9,58,62,70,83,22,,,,,,0,2026-04-17
195,BOAT,Energy,Oil & Gas Drilling,7892133,158.0,113.34,15.02,38.52,-41.0,83.7,39.6,9.1,12.1,0.6,9.7,58,79,9,77,61,,,,,,0,2026-04-17
196,BBYB,Financial Services,Banks - Regional,33879743,334.0,113.3,7.97,28.13,-43.4,114.1,41.0,3.9,9.4,-1.9,-5.8,57,75,14,30,75,,,,,,0,2026-04-17
197,LIVE,Consumer Cyclical,"Furnishings, Fixtures & Appliances",3561440,212.0,113.14,-5.79,-14.69,-38.7,69.6,39.4,-0.7,2.4,-6.8,1.8,57,56,57,71,28,,,,,,0,2026-04-17
198,MBAP,Energy,Thermal Coal,278836,1760.0,113.09,2.05,-25.15,-13.5,30.8,60.1,-1.6,-1.9,2.2,6.2,57,25,86,64,41,,,,,,0,2026-04-17
199,DNAR,Financial Services,Banks - Regional,3390946,148.0,113.01,13.75,39.67,-40.3,85.0,40.5,9.9,11.7,4.1,5.7,57,74,20,77,60,,,,,,0,2026-04-17
200,SICO,Energy,Oil & Gas Equipment & Services,35444490,131.0,112.98,-14.13,-36.67,-12.7,51.9,70.2,0.2,1.3,1.2,5.3,57,11,69,49,58,,,,,,0,2026-04-17
201,LPIN,Consumer Cyclical,Auto Parts,246786,456.0,112.85,2.73,-4.18,-5.8,46.4,83.8,1.6,1.8,2.2,5.3,56,47,78,46,50,,,,,,0,2026-04-17
202,ASSA,Industrials,Rental & Leasing Services,7751233,905.0,112.76,-22.99,-20.98,-27.9,110.4,57.6,4.0,0.4,-13.3,-8.1,56,3,20,69,72,,,,,,0,2026-04-17
203,PEGE,Financial Services,Capital Markets,10694803,159.0,112.58,-17.54,23.78,-46.3,59.0,30.1,11.6,9.8,-11.9,0.1,56,12,12,85,57,,,,,,0,2026-04-17
204,DATA,Communication Services,Telecom Services,9306473,2300.0,112.57,-71.06,-32.6,-64.1,128.9,24.0,8.6,-16.9,-33.3,-37.6,56,0,4,10,79,,,,,,0,2026-04-17
205,PTSN,Technology,Electronic Components,1244856,314.0,112.51,-11.97,-9.06,-38.4,75.8,40.8,3.6,-2.5,-11.2,-11.0,56,6,46,13,66,,,,,,0,2026-04-17
206,ULTJ,Consumer Defensive,Beverages - Non-Alcoholic,3092796,1510.0,112.47,0.82,-13.87,-9.6,19.4,60.5,0.1,-1.9,-2.5,6.5,55,29,80,73,33,,,,,,0,2026-04-17
207,LMPI,Consumer Cyclical,"Furnishings, Fixtures & Appliances",543786,152.0,112.33,1.85,30.0,-51.6,38.2,20.6,4.5,3.8,-12.7,0.5,55,27,83,60,45,,,,,,0,2026-04-17
208,SMGA,Basic Materials,Other Industrial Metals & Mining,17394650,97.0,112.27,1.84,12.95,-31.7,94.0,51.1,7.5,10.2,-2.8,-5.9,55,57,25,50,74,,,,,,0,2026-04-17
209,CITA,Basic Materials,Other Industrial Metals & Mining,325643,4330.0,112.17,-0.92,-5.63,-20.6,62.0,59.7,2.9,3.6,-0.3,0.3,55,54,59,61,62,,,,,,0,2026-04-17
210,HMSP,Consumer Defensive,Tobacco,29046106,750.0,112.15,-20.94,-29.63,-19.8,60.6,60.5,0.3,1.2,-7.0,3.6,54,9,69,38,57,,,,,,0,2026-04-17
211,CENT,Communication Services,Telecom Services,8464890,111.0,111.99,-5.29,5.76,-36.9,158.1,51.1,10.4,10.7,-2.9,-11.0,54,54,19,39,78,,,,,,0,2026-04-17
212,JAWA,Consumer Defensive,Farm Products,1472250,160.0,111.96,4.82,24.25,-28.6,90.5,54.3,1.1,4.3,-1.5,-2.0,54,67,33,64,69,,,,,,0,2026-04-17
213,INDR,Consumer Cyclical,Textile Manufacturing,139976,2830.0,111.93,-13.9,-30.02,-26.9,41.5,44.4,1.0,0.9,-4.8,0.0,54,8,79,32,43,,,,,,0,2026-04-17
214,NEST,Consumer Defensive,Farm Products,1224140,358.0,111.91,18.14,24.78,-17.9,47.9,59.8,7.8,8.5,-0.6,7.5,54,69,75,85,23,,,,,,0,2026-04-17
215,SILO,Healthcare,Medical Care Facilities,973370,2560.0,111.72,-1.5,0.04,-11.1,38.8,69.1,-4.7,-5.7,-6.2,8.4,53,16,76,82,23,,,,,,0,2026-04-17
216,PZZA,Consumer Cyclical,Restaurants,570626,202.0,111.61,7.79,7.96,-30.3,88.8,51.9,1.7,2.6,-1.0,-5.3,53,44,56,19,68,,,,,,0,2026-04-17
217,CNKO,Energy,Thermal Coal,16263713,58.0,111.36,-34.08,-73.09,-50.0,100.0,33.3,0.2,-2.2,-5.4,-13.7,53,2,36,8,63,,,,,,0,2026-04-17
218,SAME,Healthcare,Medical Care Facilities,1199436,340.0,111.36,4.57,-6.55,-20.6,38.2,51.6,0.8,-0.2,2.0,4.4,53,25,65,64,37,,,,,,0,2026-04-17
219,MBSS,Industrials,Marine Shipping,2801656,1865.0,111.3,-18.89,-13.76,-49.5,91.3,32.8,11.8,13.6,7.6,8.4,52,76,7,84,75,,,,,,0,2026-04-17
220,ISAT,Communication Services,Telecom Services,15787183,2070.0,111.1,6.24,-0.63,-16.2,71.8,68.4,-1.5,-1.5,-4.6,-2.6,52,37,66,76,52,,,,,,0,2026-04-17
221,SOUL,Industrials,Specialty Business Services,1574406,58.0,110.87,2.86,4.37,-45.3,100.0,37.7,9.2,7.9,-6.6,-17.4,52,65,28,18,66,,,,,,0,2026-04-17
222,SRTG,Financial Services,Asset Management,8816960,1805.0,110.85,16.12,11.76,-11.1,48.7,72.4,3.1,5.4,4.9,4.6,52,82,86,59,32,,,,,,0,2026-04-17
223,SCNP,Technology,Consumer Electronics,800800,176.0,110.06,-0.74,-6.73,-23.5,17.4,32.5,-0.1,-1.3,-3.3,1.6,52,32,85,45,38,,,,,,0,2026-04-17
224,ARTA,Consumer Cyclical,Lodging,53720,2800.0,110.01,0.13,-25.37,-28.0,50.9,46.4,-2.0,-2.4,-0.3,-5.5,51,50,54,28,47,,,,,,0,2026-04-17
225,BSSR,Energy,Thermal Coal,666096,4020.0,109.65,0.77,-10.49,-2.2,15.3,85.5,-0.5,-0.6,1.2,7.0,51,37,78,68,33,,,,,,0,2026-04-17
226,BNGA,Financial Services,Banks - Regional,5360456,1825.0,109.58,4.23,0.98,-3.7,24.5,83.7,0.7,1.7,0.3,4.1,51,55,76,62,41,,,,,,0,2026-04-17
227,SKRN,Industrials,Rental & Leasing Services,250440,480.0,109.54,7.35,2.21,-52.5,65.9,26.5,6.9,7.3,4.2,-6.8,51,72,61,34,61,,,,,,0,2026-04-17
228,BDMN,Financial Services,Banks - Regional,1682850,2480.0,109.31,1.88,-7.1,-9.3,19.3,61.3,0.6,2.1,0.1,4.5,51,42,79,66,36,,,,,,0,2026-04-17
229,ABMM,Energy,Thermal Coal,2247500,3100.0,109.25,9.14,-6.88,-4.0,20.6,80.3,0.6,2.2,5.2,5.8,50,59,87,64,25,,,,,,0,2026-04-17
230,TLKM,Communication Services,Telecom Services,111736040,3120.0,108.79,5.05,7.45,-20.8,47.0,54.9,-0.9,0.3,-5.4,-3.7,50,56,50,56,54,,,,,,0,2026-04-17
231,PYFA,Healthcare,Drug Manufacturers - Specialty & Generic,16655136,348.0,108.78,19.34,62.22,-46.0,145.1,41.0,8.4,8.5,-5.2,-23.4,50,67,17,10,73,,,,,,0,2026-04-17
232,GTBO,Energy,Thermal Coal,215090,222.0,108.71,-4.14,13.84,-28.4,86.6,53.9,1.0,3.0,-6.9,0.7,50,54,43,53,66,,,,,,0,2026-04-17
233,ALDO,Basic Materials,Paper & Paper Products,243720,585.0,108.56,1.78,-5.58,-27.3,23.5,33.6,0.5,2.6,5.6,6.7,49,61,47,72,44,,,,,,0,2026-04-17
234,LRNA,Industrials,Railroads,1742976,202.0,108.34,-28.56,-53.33,-41.3,55.4,33.6,0.3,-1.8,-5.4,3.7,49,9,18,65,49,,,,,,0,2026-04-17
235,GULA,Consumer Defensive,Farm Products,9715293,314.0,108.11,11.75,23.71,-40.8,33.1,26.5,-5.6,-2.5,-8.3,-5.1,49,63,82,37,29,,,,,,0,2026-04-17
236,PUDP,Real Estate,Real Estate Services,623016,350.0,108.02,13.62,48.25,-74.5,76.8,13.0,6.1,11.2,-2.7,-31.0,49,81,17,16,62,,,,,,0,2026-04-17
237,PSGO,Consumer Defensive,Farm Products,912583,200.0,107.93,4.02,-0.01,-27.0,33.1,40.2,-0.6,0.4,-1.7,-3.2,49,35,60,43,50,,,,,,0,2026-04-17
238,NIKL,Industrials,Metal Fabrication,1943656,312.0,107.91,-6.27,-0.47,-33.9,61.7,42.7,8.6,8.3,-5.8,-1.0,48,48,30,59,56,,,,,,0,2026-04-17
239,HRUM,Energy,Thermal Coal,26205160,1035.0,107.84,-9.66,-24.03,-20.7,71.1,61.4,3.3,2.1,-3.6,1.0,48,20,51,33,53,,,,,,0,2026-04-17
240,KEEN,Utilities,Utilities - Independent Power Producers,10139450,905.0,107.66,0.84,12.32,-29.6,55.0,45.8,5.5,4.6,-6.5,-4.9,48,32,50,44,58,,,,,,0,2026-04-17
241,SCCO,Industrials,Electrical Equipment & Parts,39240,2330.0,107.6,-0.64,-1.08,-13.4,28.2,58.8,1.0,0.6,-3.0,0.2,48,37,70,53,42,,,,,,0,2026-04-17
242,HAJJ,Consumer Cyclical,Travel Services,10229140,144.0,107.53,12.3,30.16,-49.3,30.9,19.5,8.9,14.3,5.3,13.3,48,83,88,67,7,,,,,,0,2026-04-17
243,MREI,Financial Services,Insurance - Reinsurance,102913,1055.0,107.1,-10.74,-12.13,-25.7,66.7,53.6,3.0,3.9,-1.2,4.9,47,63,26,71,51,,,,,,0,2026-04-17
244,MAPI,Consumer Cyclical,Department Stores,26543216,1290.0,106.48,5.23,-7.32,-10.4,19.4,58.3,1.0,6.6,5.1,5.9,47,67,85,68,15,,,,,,0,2026-04-17
245,MITI,Industrials,Marine Shipping,3668140,268.0,106.32,-31.83,-18.19,-39.6,91.4,42.1,8.9,6.5,-9.1,-7.2,47,10,8,28,71,,,,,,0,2026-04-17
246,RUIS,Energy,Oil & Gas Equipment & Services,6366970,230.0,106.27,-28.66,-42.02,-29.9,66.7,48.4,-0.3,-0.2,-6.3,3.8,47,7,17,70,62,,,,,,0,2026-04-17
247,ARGO,Consumer Cyclical,Textile Manufacturing,25953,940.0,106.15,-7.73,-21.92,-51.4,56.7,25.5,0.4,-0.2,-8.1,-16.1,46,17,53,27,60,,,,,,0,2026-04-17
248,TRIS,Consumer Cyclical,Apparel Manufacturing,1305093,183.0,105.84,6.56,5.85,-32.7,26.5,30.1,4.0,4.5,-1.0,-2.0,46,66,58,58,44,,,,,,0,2026-04-17
249,JECC,Industrials,Electrical Equipment & Parts,29923,955.0,105.75,5.22,11.45,-40.7,43.1,30.5,2.1,3.8,-0.3,-8.6,46,45,41,44,57,,,,,,0,2026-04-17
250,MNCN,Communication Services,Advertising Agencies,36227833,274.0,105.74,21.06,19.35,-12.2,34.3,64.8,10.9,20.0,18.1,7.1,46,95,73,53,31,,,,,,0,2026-04-17
251,SURE,Energy,Oil & Gas Integrated,8406,2750.0,105.59,-4.01,-23.77,-36.8,23.3,24.5,0.4,1.1,1.0,-1.0,46,39,63,39,39,,,,,,0,2026-04-17
252,MCOL,Energy,Thermal Coal,133400,4160.0,105.35,3.63,-18.07,-14.3,27.2,56.1,1.8,2.6,10.6,9.3,45,51,88,70,12,,,,,,0,2026-04-17
253,NAYZ,Consumer Defensive,Packaged Foods,12796383,72.0,105.3,2.78,-6.37,-62.1,84.6,21.9,14.3,10.7,1.7,-13.2,45,73,88,3,18,,,,,,0,2026-04-17
254,ADMF,Financial Services,Credit Services,208276,8350.0,104.88,6.64,-3.74,-3.5,12.1,74.7,1.7,4.2,5.2,2.4,45,63,78,57,32,,,,,,0,2026-04-17
255,UNVR,Consumer Defensive,Household & Personal Products,20211366,1860.0,104.84,-4.74,-8.51,-32.9,71.7,46.1,-2.7,-2.2,-9.2,-8.0,45,18,19,60,58,,,,,,0,2026-04-17
256,ZYRX,Technology,Computer Hardware,1474810,151.0,104.82,6.32,14.03,-20.0,36.4,51.6,3.4,4.3,1.6,-0.1,44,52,48,51,48,,,,,,0,2026-04-17
257,BIKE,Consumer Cyclical,Leisure,6101130,685.0,104.71,48.58,60.23,-35.7,87.2,45.6,45.3,58.9,49.8,-3.6,44,99,72,14,47,,top1,,,,1,2026-04-17
258,ERAL,Consumer Cyclical,Specialty Retail,12477436,316.0,104.42,-18.48,-15.88,-21.4,40.0,51.2,3.5,1.4,-7.9,-3.9,44,10,66,52,45,,,,,,0,2026-04-17
259,AGRO,Financial Services,Banks - Regional,18547983,230.0,104.25,19.39,26.37,-9.4,38.6,72.7,28.6,29.0,17.6,4.5,44,92,60,38,42,,,,,,0,2026-04-17
260,TOBA,Energy,Thermal Coal,33037390,680.0,103.9,9.57,26.0,-52.8,144.6,34.6,8.8,13.6,3.8,-24.7,44,86,37,6,79,,,,,,0,2026-04-17
261,SMSM,Consumer Cyclical,Auto Parts,1521933,1780.0,103.69,0.66,-10.2,-10.0,13.7,52.0,0.1,0.7,0.2,-1.2,43,42,74,52,34,,,,,,0,2026-04-17
262,DOOH,Communication Services,Advertising Agencies,57888203,151.0,103.65,2.41,62.27,-58.1,106.8,27.2,8.2,14.3,-4.9,-13.4,43,67,3,31,64,,,,,,0,2026-04-17
263,BMRI,Financial Services,Banks - Regional,151763393,4640.0,103.63,-3.96,-12.57,-14.3,18.1,47.9,0.3,-1.4,-5.2,-1.3,43,15,63,65,34,,,,,,0,2026-04-17
264,DNET,Communication Services,Telecom Services,10056,9375.0,103.29,4.26,-4.96,-9.4,7.4,40.1,1.8,3.1,4.1,2.7,43,60,78,58,26,,,,,,0,2026-04-17
265,NISP,Financial Services,Banks - Regional,6132713,1355.0,103.22,-9.91,-16.61,-14.2,15.1,44.1,-4.2,-5.9,-8.4,-2.9,43,10,67,53,37,,,,,,0,2026-04-17
266,MSTI,Technology,Information Technology Services,1607550,1425.0,103.21,6.3,-2.41,-14.0,18.7,49.3,0.7,3.1,4.7,-1.3,42,71,69,40,32,,,,,,0,2026-04-17
267,IKAN,Consumer Defensive,Farm Products,27760736,107.0,103.2,-6.33,28.72,-55.8,91.1,27.4,11.6,16.6,6.1,-2.5,42,78,60,26,9,,,,,,0,2026-04-17
268,GDYR,Consumer Cyclical,Auto Parts,331980,1105.0,102.89,6.51,-0.45,-24.8,24.9,37.6,-1.0,-1.0,0.1,-1.8,42,30,89,42,13,,,,,,0,2026-04-17
269,SMKM,Industrials,Engineering & Construction,9832123,107.0,102.89,-10.72,30.41,-63.9,148.8,25.3,17.1,14.7,-6.5,-19.6,42,67,4,9,80,,,,,,0,2026-04-17
270,PRDA,Healthcare,Diagnostics & Research,614770,2510.0,102.84,1.34,-14.12,-16.6,10.4,32.2,0.5,0.2,2.4,-2.3,41,43,82,48,29,,,,,,0,2026-04-17
271,PNSE,Consumer Cyclical,Resorts & Casinos,142020,645.0,102.8,-22.36,-33.47,-33.5,92.1,48.8,1.5,-2.8,-6.6,-14.3,41,8,35,34,73,,,,,,0,2026-04-17
272,BESS,Industrials,Marine Shipping,233346,1210.0,102.38,-18.68,24.47,-35.6,93.6,46.6,2.3,-1.8,-11.8,-9.2,41,37,32,67,45,,,,,,0,2026-04-17
273,DRMA,Consumer Cyclical,Auto Parts,1386530,1005.0,102.21,2.46,-0.31,-10.3,18.5,57.7,1.5,2.7,-0.4,-0.6,41,50,62,50,36,,,,,,0,2026-04-17
274,BVIC,Financial Services,Banks - Regional,4094466,111.0,102.2,-6.18,15.26,-31.9,46.1,40.2,2.8,4.8,-3.8,1.9,41,59,15,57,53,,,,,,0,2026-04-17
275,HEXA,Industrials,Industrial Distribution,235643,4520.0,102.16,8.4,-0.21,-20.4,14.7,33.4,1.5,2.3,2.3,-5.1,40,47,79,46,30,,,,,,0,2026-04-17
276,KBLM,Industrials,Electrical Equipment & Parts,68856,318.0,101.9,-1.45,-2.97,-31.8,30.7,33.5,0.4,-0.8,-3.0,-7.7,40,32,60,32,43,,,,,,0,2026-04-17
277,PTSP,Consumer Cyclical,Restaurants,26243,890.0,101.82,1.09,10.95,-38.2,33.8,29.0,-2.1,-2.7,-6.4,-9.2,40,23,50,44,48,,,,,,0,2026-04-17
278,GOLD,Communication Services,Telecom Services,73716,286.0,101.69,-3.07,2.24,-26.7,20.2,31.6,0.2,2.2,-3.9,-1.3,40,38,34,63,35,,,,,,0,2026-04-17
279,MAPA,Consumer Cyclical,Specialty Retail,32534070,660.0,101.4,10.21,6.87,-17.0,27.6,51.4,-1.7,2.2,-0.4,-0.0,39,46,75,74,11,,,,,,0,2026-04-17
280,DLTA,Consumer Defensive,Beverages - Brewers,86500,2000.0,101.38,1.95,-8.46,-6.1,12.7,63.4,1.3,2.3,1.7,-0.4,39,44,72,53,26,,,,,,0,2026-04-17
281,DGWG,Basic Materials,Agricultural Inputs,11468453,394.0,101.38,4.26,,-30.3,16.6,24.7,3.3,6.2,-1.4,-1.2,39,46,77,53,25,,,,,,0,2026-04-17
282,IMJS,Industrials,Conglomerates,14166696,226.0,101.36,23.46,39.17,-48.3,50.9,26.5,32.5,35.7,23.3,-3.8,39,97,38,36,46,,,,,,0,2026-04-17
283,BKSL,Real Estate,Real Estate - Development,344824433,119.0,101.3,-2.97,26.15,-35.0,95.1,47.5,4.1,7.8,-5.5,-12.1,39,61,37,35,63,,,,,,0,2026-04-17
284,GEMS,Energy,Thermal Coal,205960,8400.0,101.28,4.52,-13.82,-11.3,22.1,58.6,-0.2,-0.2,3.0,-3.8,38,36,75,45,30,,,,,,0,2026-04-17
285,OBMD,Basic Materials,Specialty Chemicals,1769996,232.0,100.84,-10.44,-4.07,-31.8,49.7,41.6,-2.4,-3.5,-11.2,-7.1,38,9,42,38,39,,,,,,0,2026-04-17
286,CRSN,Industrials,Specialty Business Services,654020,114.0,100.83,11.22,22.78,-36.7,16.3,19.5,6.6,8.3,0.1,-4.0,38,71,53,56,26,,,,,,0,2026-04-17
287,PICO,Consumer Cyclical,Packaging & Containers,626976,164.0,100.82,10.76,17.46,-53.9,82.2,27.8,11.3,15.2,6.3,-14.3,38,85,28,10,62,,,,,,0,2026-04-17
288,APIC,Financial Services,Insurance - Life,3038756,1265.0,100.76,1.73,16.47,-20.9,24.0,42.2,-0.7,3.6,-2.0,0.9,38,40,30,62,43,,,,,,0,2026-04-17
289,TNCA,Industrials,Integrated Freight & Logistics,275870,190.0,100.53,5.85,2.23,-37.5,69.6,40.6,4.4,5.6,0.9,-5.7,37,62,15,42,53,,,,,,0,2026-04-17
290,SMKL,Consumer Cyclical,Packaging & Containers,163596,164.0,100.5,-6.52,-9.22,-15.5,21.1,48.8,2.5,1.3,-3.2,-2.3,37,28,56,50,34,,,,,,0,2026-04-17
291,SPMA,Basic Materials,Paper & Paper Products,415730,224.0,100.44,3.95,-1.84,-24.2,15.6,29.7,3.2,5.0,1.0,-4.3,37,58,57,34,29,,,,,,0,2026-04-17
292,VOKS,Industrials,Electrical Equipment & Parts,689480,232.0,100.41,17.49,23.57,-38.0,25.4,24.9,-2.4,7.8,6.0,-4.7,37,87,56,20,35,,,,,,0,2026-04-17
293,AKSI,Industrials,Trucking,359056,304.0,100.25,-12.2,2.97,-44.2,108.2,39.6,10.1,7.5,-9.3,-12.0,36,17,10,48,65,,,,,,0,2026-04-17
294,NANO,Healthcare,Medical Devices,23930423,38.0,100.05,-3.28,23.86,-53.1,72.7,27.1,5.8,8.0,-7.5,-16.4,36,32,24,7,43,,,,,,0,2026-04-17
295,CPIN,Consumer Defensive,Farm Products,11904333,4470.0,99.53,21.53,33.99,-14.4,27.7,56.2,2.9,7.5,6.7,-2.0,36,93,68,40,27,,,,,,0,2026-04-17
296,BBNI,Financial Services,Banks - Regional,82120653,3700.0,99.49,-3.68,-5.72,-13.2,17.7,49.8,0.4,-2.6,-6.8,-5.7,36,14,63,53,24,,,,,,0,2026-04-17
297,SMGR,Basic Materials,Building Materials,10588286,2490.0,99.42,0.12,-9.17,-22.2,23.4,39.9,3.4,1.3,-5.4,-7.0,36,13,64,39,38,,,,,,0,2026-04-17
298,BIRD,Industrials,Railroads,1049373,1650.0,99.37,-1.97,-8.04,-17.5,26.6,49.7,0.7,0.0,-2.0,-6.7,35,27,64,41,40,,,,,,0,2026-04-17
299,DILD,Real Estate,Real Estate - Development,22367063,131.0,99.0,3.42,-0.42,-19.6,17.0,37.3,4.1,4.1,-1.8,-2.7,35,43,51,48,31,,,,,,0,2026-04-17
300,ASRI,Real Estate,Real Estate - Development,23790090,143.0,98.95,8.41,19.51,-24.7,45.9,48.9,5.9,7.8,-2.4,-9.9,35,66,44,26,42,,,,,,0,2026-04-17
301,PWON,Real Estate,Real Estate - Diversified,35378836,350.0,98.86,3.73,-0.66,-14.1,16.2,46.0,1.4,2.8,-0.7,-3.4,35,43,73,45,20,,,,,,0,2026-04-17
302,BTPN,Financial Services,Banks - Regional,33136,2050.0,98.78,-1.18,-10.43,-18.7,9.4,27.4,2.4,2.9,-0.5,-2.4,34,32,65,52,24,,,,,,0,2026-04-17
303,ARII,Energy,Thermal Coal,257096,274.0,98.76,-13.23,-20.68,-19.4,34.3,51.5,0.0,0.1,-2.9,-3.0,34,20,44,49,42,,,,,,0,2026-04-17
304,SSIA,Industrials,Engineering & Construction,11556000,1465.0,98.75,7.97,15.1,-49.3,108.3,34.8,4.5,9.1,7.3,-18.7,34,90,32,24,66,,,,,,0,2026-04-17
305,KLIN,Consumer Cyclical,Home Improvement Retail,184130,163.0,98.11,-2.75,-19.33,-18.5,33.6,52.6,5.6,3.2,3.3,-3.1,34,18,54,33,28,,,,,,0,2026-04-17
306,NOBU,Financial Services,Banks - Regional,8416616,555.0,97.99,-5.08,-20.75,-31.9,13.3,20.0,-0.4,-2.7,-1.6,0.7,34,26,75,52,14,,,,,,0,2026-04-17
307,PGEO,Utilities,Utilities - Renewable,16783550,1075.0,97.95,7.48,9.21,-41.3,52.9,33.0,2.4,5.2,0.1,-16.4,33,65,55,21,59,,,,,,0,2026-04-17
308,INDF,Consumer Defensive,Packaged Foods,27827040,6975.0,97.76,14.02,16.9,-18.2,18.2,41.0,3.9,9.0,6.7,-3.5,33,82,72,49,23,,,,,,0,2026-04-17
309,IFII,Basic Materials,Lumber & Wood Production,291370,226.0,97.72,-10.37,-11.86,-22.6,12.5,27.6,1.0,0.7,-4.4,-3.0,33,14,74,49,16,,,,,,0,2026-04-17
310,RELI,Financial Services,Capital Markets,10496,490.0,97.6,5.15,-4.25,-44.3,27.6,21.4,-0.8,-1.4,-2.9,-15.6,33,26,54,22,36,,,,,,0,2026-04-17
311,MUTU,Industrials,Specialty Business Services,4317903,111.0,97.59,5.37,14.09,-19.0,32.0,50.9,9.6,11.3,7.0,4.3,33,81,43,27,38,,,,,,0,2026-04-17
312,PSSI,Industrials,Marine Shipping,315406,350.0,97.52,-4.84,-16.36,-11.2,6.5,32.7,2.7,0.6,-1.2,-0.4,32,32,56,55,18,,,,,,0,2026-04-17
313,WIFI,Technology,Information Technology Services,30064240,2420.0,97.4,12.35,80.47,-43.1,52.8,31.4,4.9,9.2,4.5,-13.9,32,81,16,22,57,,,,,,0,2026-04-17
314,TOWR,Real Estate,Real Estate Services,23079136,510.0,97.15,12.49,13.99,-24.6,14.3,27.8,3.1,4.6,1.3,-7.4,32,71,53,51,24,,,,,,0,2026-04-17
315,CSAP,Industrials,Industrial Distribution,165490,298.0,97.0,-0.9,-10.02,-26.0,30.8,40.1,3.3,3.5,0.0,-0.3,32,32,59,40,9,,,,,,0,2026-04-17
316,IPAC,Real Estate,Real Estate Services,112543,164.0,96.96,-2.93,-5.85,-60.8,30.2,13.0,4.9,6.8,0.5,-12.0,31,47,62,6,40,,,,,,0,2026-04-17
317,BOBA,Consumer Defensive,Packaged Foods,954530,168.0,96.94,-0.7,-8.22,-25.7,21.7,34.1,0.9,3.3,-1.6,-7.7,31,45,60,43,29,,,,,,0,2026-04-17
318,PALM,Financial Services,Asset Management,841806,364.0,96.83,-4.05,-17.07,-18.8,10.3,28.8,0.7,0.7,-2.9,-4.9,31,28,62,41,17,,,,,,0,2026-04-17
319,IRRA,Healthcare,Medical Distribution,912956,398.0,96.8,6.53,4.88,-24.9,6.4,15.4,1.5,2.3,-0.3,-6.1,31,46,58,40,27,,,,,,0,2026-04-17
320,MKPI,Real Estate,Real Estate Services,30870,22975.0,96.78,-4.34,-12.65,-13.0,3.5,18.5,0.1,-0.8,-2.1,-4.5,31,26,63,38,19,,,,,,0,2026-04-17
321,DART,Real Estate,Real Estate Services,74056,157.0,96.76,4.51,12.51,-28.6,27.6,35.1,8.4,11.3,-0.2,-5.0,30,60,34,42,31,,,,,,0,2026-04-17
322,GLVA,Technology,Electronics & Computer Distribution,36856,338.0,96.7,-7.65,-7.39,-26.8,14.6,25.8,1.9,0.8,-4.2,-5.6,30,22,33,55,33,,,,,,0,2026-04-17
323,ERAA,Consumer Cyclical,Specialty Retail,49780263,400.0,96.38,-2.34,-6.51,-27.9,20.8,30.8,5.0,5.7,-0.0,-7.9,30,46,67,47,32,,,,,,0,2026-04-17
324,BBRI,Financial Services,Banks - Regional,226180953,3410.0,96.37,-2.71,-5.33,-20.5,5.6,17.0,1.8,0.2,-6.1,-7.8,30,18,58,46,22,,,,,,0,2026-04-17
325,CMRY,Consumer Defensive,Packaged Foods,4810553,4540.0,96.32,3.62,13.26,-27.9,18.6,28.8,1.6,1.9,-7.4,-10.1,30,35,38,58,35,,,,,,0,2026-04-17
326,MPOW,Utilities,Utilities - Independent Power Producers,34232613,111.0,96.21,11.71,16.77,-25.5,35.4,43.3,7.6,13.0,7.8,-4.1,29,81,46,47,34,,,,,,0,2026-04-17
327,RANC,Consumer Defensive,Grocery Stores,354346,595.0,96.2,-18.66,-5.79,-47.1,47.3,26.5,7.5,3.6,-8.8,-13.1,29,14,13,8,55,,,,,,0,2026-04-17
328,MAYA,Financial Services,Banks - Regional,2309243,212.0,95.67,1.72,5.47,-35.0,23.3,26.0,8.1,10.0,2.7,-5.6,29,68,39,19,37,,,,,,0,2026-04-17
329,BTPS,Financial Services,Banks - Regional,5975380,1095.0,95.57,1.52,9.25,-26.8,40.0,43.9,2.1,2.8,-3.3,-14.5,29,38,51,24,48,,,,,,0,2026-04-17
330,SULI,Basic Materials,Lumber & Wood Production,8655233,110.0,95.55,5.78,26.71,-34.5,46.7,37.6,8.1,11.0,-0.8,-8.5,28,80,21,29,57,,,,,,0,2026-04-17
331,CEKA,Consumer Defensive,Packaged Foods,34863,2300.0,95.35,-5.44,-13.11,-22.5,19.8,36.3,0.4,1.9,-0.8,-8.8,28,22,63,35,35,,,,,,0,2026-04-17
332,LION,Industrials,Business Equipment & Supplies,273223,430.0,95.23,5.58,29.78,-48.8,37.9,22.4,5.3,6.0,-4.2,-5.1,28,80,66,11,22,,,,,,0,2026-04-17
333,INPC,Financial Services,Banks - Regional,26570106,170.0,95.17,-25.47,-53.35,-44.4,39.3,26.1,5.9,7.5,-0.3,2.3,28,3,16,61,30,,,,,,0,2026-04-17
334,BEEF,Consumer Defensive,Packaged Foods,5587253,258.0,95.0,-9.92,0.31,-66.9,103.9,20.1,3.9,2.3,-8.4,-33.7,28,48,7,1,81,,,,,,0,2026-04-17
335,RSCH,Healthcare,Medical Care Facilities,13006850,344.0,94.86,-13.08,-26.3,-29.8,14.7,23.2,5.0,5.6,-5.6,-12.3,27,12,46,45,44,,,,,,0,2026-04-17
336,KKGI,Energy,Thermal Coal,11065180,322.0,94.85,-18.15,-44.03,-20.6,5.7,17.3,-0.1,-4.5,-3.6,-2.2,27,5,57,58,11,,,,,,0,2026-04-17
337,MANG,Industrials,Engineering & Construction,12226826,45.0,94.79,1.22,24.77,-47.7,55.2,28.1,15.7,9.5,-13.6,-16.2,27,7,17,12,40,,,,,,0,2026-04-17
338,KIJA,Real Estate,Real Estate - Development,112754136,187.0,94.64,-3.67,4.18,-47.2,17.3,14.2,3.0,4.5,-5.9,-6.8,27,63,29,53,28,,,,,,0,2026-04-17
339,ASBI,Financial Services,Insurance - Diversified,13713,430.0,94.27,-3.41,-14.78,-26.5,16.6,28.3,3.2,3.7,2.4,-3.3,26,49,34,45,25,,,,,,0,2026-04-17
340,PTIS,Industrials,Marine Shipping,232466,310.0,94.11,8.31,-4.06,-32.6,43.5,38.5,3.7,2.5,5.9,-14.9,26,60,49,20,50,,,,,,0,2026-04-17
341,MAHA,Industrials,Trucking,11966133,150.0,93.84,-1.03,4.16,-29.9,13.6,22.0,1.6,2.5,-1.3,-1.4,26,74,27,51,30,,,,,,0,2026-04-17
342,CNMA,Communication Services,Entertainment,23222308,106.0,93.78,11.18,8.64,-26.5,14.3,25.8,3.9,7.0,6.0,-4.6,26,73,59,56,22,,,,,,0,2026-04-17
343,AGAR,Consumer Defensive,Farm Products,160316,224.0,93.77,2.46,8.93,-36.7,10.9,14.5,3.1,4.5,-8.4,-8.1,26,54,55,35,18,,,,,,0,2026-04-17
344,RATU,Energy,Oil & Gas E&P,15478853,6725.0,93.43,22.6,,-44.5,94.7,37.7,15.0,24.0,14.1,-10.7,25,93,11,50,50,,,,,,0,2026-04-17
345,DAYA,Consumer Cyclical,Specialty Retail,69656,1025.0,93.4,1.6,27.51,-34.7,17.8,22.1,2.9,5.2,-6.3,-8.9,25,65,31,29,26,,,,,,0,2026-04-17
346,BLES,Basic Materials,Building Materials,2647193,162.0,93.28,16.53,19.26,-19.8,35.0,51.2,4.5,13.6,11.1,1.1,25,91,71,44,8,,,,,,0,2026-04-17
347,BNLI,Financial Services,Banks - Regional,67893,3400.0,93.09,-25.73,15.76,-42.5,65.2,34.8,8.5,16.4,-3.9,-16.1,25,58,13,7,56,,,,,,0,2026-04-17
348,PNIN,Financial Services,Insurance - Life,725683,780.0,93.05,4.8,0.05,-28.1,4.7,10.3,1.4,2.2,-0.3,-5.9,25,54,58,48,17,,,,,,0,2026-04-17
349,SMBR,Basic Materials,Building Materials,5707623,230.0,93.04,-6.75,2.13,-28.1,57.1,48.2,3.8,4.1,-7.7,-17.9,24,31,31,25,59,,,,,,0,2026-04-17
350,MTMH,Healthcare,Medical Care Facilities,17553,990.0,93.04,-2.21,-1.95,-29.5,17.9,26.5,1.7,-0.2,-3.7,-8.3,24,29,40,20,25,,,,,,0,2026-04-17
351,DOSS,Consumer Cyclical,Specialty Retail,1617510,160.0,92.86,5.53,13.5,-41.6,57.7,33.9,2.3,3.9,0.7,-5.8,24,67,9,57,47,,,,,,0,2026-04-17
352,CMNP,Industrials,Infrastructure Operations,282800,1440.0,92.78,-4.09,-14.22,-26.2,16.1,28.2,1.0,1.3,1.9,4.4,23,38,29,67,10,,,,,,0,2026-04-17
353,INTP,Basic Materials,Building Materials,1257573,5375.0,92.78,-2.76,3.34,-28.1,29.0,36.5,2.6,1.6,-9.5,-14.3,23,22,25,27,44,,,,,,0,2026-04-17
354,JSMR,Industrials,Infrastructure Operations,5420146,3290.0,92.77,1.5,0.96,-23.7,9.7,22.1,4.3,5.2,-3.6,-6.6,23,50,68,29,13,,,,,,0,2026-04-17
355,HYGN,Industrials,Specialty Business Services,1216460,141.0,92.5,-9.37,-20.85,-20.3,18.4,37.9,-1.4,-2.2,-3.2,-9.9,23,21,37,31,28,,,,,,0,2026-04-17
356,FORU,Communication Services,Advertising Agencies,190216,1195.0,92.45,-15.54,-23.98,-34.9,95.9,47.8,3.0,2.9,-15.1,-8.7,23,3,14,66,43,,,,,,0,2026-04-17
357,SMLE,Basic Materials,Specialty Chemicals,2979410,138.0,92.32,1.88,9.69,-67.6,35.3,11.1,2.3,7.6,-6.3,-30.2,23,23,33,3,53,,,,,,0,2026-04-17
358,BDKR,Industrials,Engineering & Construction,16959650,162.0,92.17,-6.96,-5.04,-14.7,51.0,66.1,5.7,7.0,1.8,-1.1,22,51,52,52,10,,,,,,0,2026-04-17
359,OKAS,Basic Materials,Specialty Chemicals,6243946,125.0,92.14,7.79,5.26,-64.5,30.2,11.3,7.9,12.5,4.0,-25.7,22,71,42,16,48,,,,,,0,2026-04-17
360,KOBX,Industrials,Farm & Heavy Construction Machinery,2174936,161.0,92.11,-3.13,-2.53,-33.5,26.8,29.6,10.7,13.7,3.9,-0.7,22,62,28,28,30,,,,,,0,2026-04-17
361,DWGL,Energy,Thermal Coal,2245473,276.0,91.43,-27.78,-62.56,-70.9,46.8,11.5,9.1,4.3,7.9,-17.1,21,32,39,2,40,,,,,,0,2026-04-17
362,KMDS,Consumer Defensive,Food Distribution,133943,580.0,91.43,-9.05,-18.61,-20.4,11.9,29.4,-2.0,-3.2,-4.4,-8.0,21,17,45,43,18,,,,,,0,2026-04-17
363,RIGS,Industrials,Marine Shipping,113303,700.0,91.42,-2.71,-9.99,-22.2,9.4,23.1,3.1,2.1,-2.4,-9.0,21,36,47,28,23,,,,,,0,2026-04-17
364,BNBA,Financial Services,Banks - Regional,588000,720.0,91.33,-20.16,-10.54,-40.0,46.3,32.2,1.7,7.0,-7.1,-5.7,21,23,22,43,46,,,,,,0,2026-04-17
365,PORT,Industrials,Marine Shipping,26423,900.0,91.28,-4.13,-8.29,-44.8,14.6,13.6,1.5,2.4,-2.6,-12.5,21,36,23,41,27,,,,,,0,2026-04-17
366,KEJU,Consumer Defensive,Packaged Foods,406723,555.0,91.28,4.13,-9.76,-33.5,9.9,15.2,4.7,3.6,-1.4,-11.6,21,51,47,33,17,,,,,,0,2026-04-17
367,BSDE,Real Estate,Real Estate - Development,14089566,800.0,90.34,10.89,26.78,-31.6,11.1,17.8,1.9,4.8,-2.2,-12.0,20,67,45,21,21,,,,,,0,2026-04-17
368,KJEN,Industrials,Integrated Freight & Logistics,4683593,133.0,90.04,9.11,23.74,-59.7,66.2,21.2,12.4,13.7,-5.4,-23.8,20,55,11,10,49,,,,,,0,2026-04-17
369,VICO,Financial Services,Asset Management,551933,164.0,89.92,-4.69,-4.66,-28.1,20.6,30.4,3.1,7.4,-3.6,-8.7,20,47,28,35,13,,,,,,0,2026-04-17
370,MYOR,Consumer Defensive,Packaged Foods,12747166,1905.0,89.9,-2.31,-2.64,-23.5,6.4,16.4,0.3,1.7,-7.7,-10.0,20,31,49,33,17,,,,,,0,2026-04-17
371,PNLF,Financial Services,Banks - Regional,34133333,250.0,89.76,3.68,1.48,-38.7,10.6,13.2,3.3,4.5,-2.3,-2.8,20,56,36,59,9,,,,,,0,2026-04-17
372,WAPO,Consumer Defensive,Packaged Foods,1479173,142.0,89.59,8.41,28.36,-51.4,37.9,20.6,10.6,14.1,-7.4,-15.4,19,70,25,31,38,,,,,,0,2026-04-17
373,HERO,Consumer Cyclical,Department Stores,271666,414.0,89.46,-0.02,-6.25,-46.6,11.3,10.4,1.4,2.4,-0.6,-9.0,19,58,48,15,14,,,,,,0,2026-04-17
374,MIKA,Healthcare,Medical Care Facilities,2468036,2130.0,89.34,3.18,4.46,-21.8,3.4,10.5,0.6,1.1,-3.8,-11.3,19,39,50,36,17,,,,,,0,2026-04-17
375,KPIG,Real Estate,Real Estate Services,186184133,138.0,88.87,11.61,45.4,-51.7,40.8,21.3,15.2,25.2,4.5,-15.6,19,96,34,25,39,,,,,,0,2026-04-17
376,BRIS,Financial Services,Banks - Regional,12394700,2080.0,88.85,1.97,-1.41,-30.7,0.8,1.7,-1.0,-1.7,-6.5,-15.3,18,13,67,24,10,,,,,,0,2026-04-17
377,LPLI,Real Estate,Real Estate Services,645900,332.0,88.58,-0.23,1.31,-63.1,39.5,14.2,9.7,11.3,5.9,-18.3,18,73,47,1,31,,,,,,0,2026-04-17
378,RGAS,Energy,Oil & Gas Equipment & Services,18261640,94.0,88.56,7.58,5.76,-33.8,13.3,18.6,4.6,5.3,3.2,-9.0,18,53,58,41,8,,,,,,0,2026-04-17
379,TRJA,Industrials,Rental & Leasing Services,657306,142.0,88.36,4.18,17.0,-28.3,16.4,26.3,5.2,9.0,-1.9,-6.2,18,76,26,37,16,,,,,,0,2026-04-17
380,NICE,Basic Materials,Other Industrial Metals & Mining,1737190,326.0,88.2,2.22,6.15,-43.3,37.0,26.1,12.6,13.5,-1.4,-19.0,18,47,23,16,47,,,,,,0,2026-04-17
381,SSMS,Consumer Defensive,Farm Products,6539403,1315.0,88.16,5.66,25.06,-27.7,4.4,9.8,-2.4,-3.0,-12.1,-13.3,17,53,42,21,16,,,,,,0,2026-04-17
382,SMIL,Industrials,Rental & Leasing Services,15083410,282.0,87.91,-6.77,-22.83,-62.4,48.7,16.5,11.0,16.2,4.5,-27.6,17,75,38,3,15,,,,,,0,2026-04-17
383,INDX,Industrials,Marine Shipping,7064406,109.0,87.9,-22.02,-12.26,-60.5,60.3,19.7,10.5,8.3,-10.8,-22.0,17,8,10,2,49,,,,,,0,2026-04-17
384,HOMI,Real Estate,Real Estate - Development,7768346,280.0,87.89,-9.77,4.92,-64.8,50.5,15.4,9.8,10.3,-8.5,-20.1,17,26,2,68,21,,,,,,0,2026-04-17
385,SHID,Consumer Cyclical,Lodging,144870,745.0,87.2,-7.87,-6.0,-40.4,13.7,15.1,-0.7,-1.0,-8.5,-15.3,16,12,35,30,21,,,,,,0,2026-04-17
386,BALI,Communication Services,Telecom Services,15203,1300.0,86.91,-7.94,-8.89,-40.1,16.1,17.2,-0.4,1.0,-2.6,-7.7,16,31,24,58,20,,,,,,0,2026-04-17
387,MIDI,Consumer Defensive,Grocery Stores,18692360,320.0,86.87,17.14,23.23,-33.1,23.1,27.5,0.8,5.8,4.8,-16.9,16,86,47,18,23,,,,,,0,2026-04-17
388,TMPO,Communication Services,Publishing,1975230,135.0,86.87,9.68,21.72,-49.6,31.1,19.4,4.2,7.5,0.5,-14.5,16,70,29,25,27,,,,,,0,2026-04-17
389,CTRA,Real Estate,Real Estate - Development,19459053,745.0,86.39,6.89,17.24,-30.7,9.6,16.5,3.0,5.2,-1.9,-15.4,16,64,49,29,16,,,,,,0,2026-04-17
390,MLPL,Consumer Cyclical,Department Stores,46757926,113.0,85.92,10.11,27.24,-54.1,31.4,16.9,13.8,17.8,5.9,-15.1,15,83,24,5,25,,,,,,0,2026-04-17
391,SMRA,Real Estate,Real Estate - Development,26093370,332.0,85.91,-0.67,0.92,-30.0,3.1,6.6,-0.2,-0.3,-8.1,-15.8,15,25,43,23,11,,,,,,0,2026-04-17
392,ECII,Consumer Cyclical,Specialty Retail,720106,182.0,85.81,-34.2,-56.7,-31.6,10.3,16.8,2.1,-4.1,-15.5,-7.4,15,2,18,32,19,,,,,,0,2026-04-17
393,TBIG,Communication Services,Telecom Services,2045223,1775.0,85.33,9.66,12.34,-36.8,22.8,24.2,4.6,7.7,5.3,-7.9,15,87,21,55,13,,,,,,0,2026-04-17
394,BREN,Utilities,Utilities - Renewable,16084683,6325.0,85.1,-10.16,-10.78,-38.1,48.8,34.7,13.6,11.5,-10.5,-24.0,15,5,12,13,33,,,,,,0,2026-04-17
395,BBCA,Financial Services,Banks - Regional,142335540,6525.0,84.97,-0.38,-2.34,-29.3,1.7,3.8,-1.0,-0.4,-4.1,-13.7,14,25,40,38,10,,,,,,0,2026-04-17
396,WIRG,Technology,Information Technology Services,71103476,83.0,84.88,6.86,5.89,-62.9,15.3,7.2,1.2,5.1,0.1,-25.3,14,44,37,12,15,,,,,,0,2026-04-17
397,RAAM,Communication Services,Entertainment,1878913,234.0,84.86,15.36,21.59,-36.1,43.6,35.0,1.8,11.2,8.7,-8.7,14,94,45,22,13,,,,,,0,2026-04-17
398,PNBN,Financial Services,Banks - Regional,4575553,980.0,84.78,-1.9,-9.83,-40.4,4.8,6.4,2.6,1.4,-4.1,-9.4,14,20,40,40,7,,,,,,0,2026-04-17
399,TPIA,Basic Materials,Specialty Chemicals,15779136,6250.0,84.69,9.82,23.43,-40.7,56.6,34.5,16.5,19.7,3.5,-16.7,13,69,50,27,19,,,,,,0,2026-04-17
400,AVIA,Basic Materials,Specialty Chemicals,20457736,366.0,84.68,-15.71,-11.01,-29.6,1.4,3.3,-2.1,-3.2,-11.6,-15.2,13,4,23,39,19,,,,,,0,2026-04-17
401,HEAL,Healthcare,Medical Care Facilities,9856040,1200.0,84.09,-10.86,-20.59,-31.8,22.8,28.5,-1.5,-4.2,-6.7,-18.2,13,11,41,16,20,,,,,,0,2026-04-17
402,FAST,Consumer Cyclical,Restaurants,3882876,354.0,83.76,-28.46,-17.94,-55.5,124.1,30.8,12.2,17.1,-8.5,-22.6,13,18,7,4,60,,,,,,0,2026-04-17
403,KLBF,Healthcare,Drug Manufacturers - General,42634280,975.0,83.52,-0.11,-2.55,-39.1,3.7,5.3,-0.1,-0.0,-6.1,-20.0,13,24,35,37,20,,,,,,0,2026-04-17
404,DAAZ,Basic Materials,Other Industrial Metals & Mining,2292786,2600.0,83.21,-24.02,-38.58,-43.1,20.9,18.6,2.8,3.2,-19.3,-15.9,12,2,64,37,5,,,,,,0,2026-04-17
405,VAST,Real Estate,Real Estate Services,1751156,120.0,82.23,-15.21,-6.21,-48.7,17.6,13.6,2.5,5.4,-5.5,-22.2,12,49,22,17,24,,,,,,0,2026-04-17
406,PURI,Real Estate,Real Estate - Development,4047786,172.0,81.88,18.57,16.19,-84.5,28.4,3.9,13.8,17.3,-2.6,-33.0,12,65,13,37,12,,,,,,0,2026-04-17
407,ADHI,Industrials,Engineering & Construction,8884283,190.0,81.63,-8.43,-12.31,-35.8,18.8,22.1,2.1,-2.1,-12.2,-24.2,12,7,18,15,32,,,,,,0,2026-04-17
408,LINK,Communication Services,Telecom Services,40320,1995.0,81.6,-0.27,4.88,-59.3,42.0,16.9,3.0,4.6,-6.6,-26.1,11,27,4,11,33,,,,,,0,2026-04-17
409,CASS,Industrials,Airports & Air Services,532790,1840.0,81.53,-15.77,-16.32,-38.3,6.1,8.4,1.8,-0.7,-14.8,-23.1,11,2,18,17,20,,,,,,0,2026-04-17
410,ACES,Consumer Cyclical,Specialty Retail,54667366,366.0,81.11,-2.91,-11.47,-34.2,4.6,7.8,2.3,-0.9,-5.4,-14.8,11,11,48,30,5,,,,,,0,2026-04-17
411,OBAT,Consumer Defensive,Packaged Foods,476353,344.0,80.88,-0.88,,-47.9,6.8,6.5,1.9,-0.1,-4.6,-15.5,11,15,42,18,3,,,,,,0,2026-04-17
412,JIHD,Consumer Cyclical,Lodging,1169076,535.0,80.38,-6.17,-25.98,-35.5,7.0,10.6,3.5,2.5,-4.5,-12.0,11,13,18,26,9,,,,,,0,2026-04-17
413,CLEO,Consumer Defensive,Beverages - Non-Alcoholic,11685156,408.0,79.9,8.46,-0.25,-46.3,6.2,6.4,1.4,1.6,1.5,-18.8,10,29,45,23,8,,,,,,0,2026-04-17
414,KLAS,Industrials,Marine Shipping,13250383,90.0,79.78,18.42,24.87,-43.0,20.0,18.1,10.3,12.4,6.5,-26.0,10,78,49,13,11,,,,,,0,2026-04-17
415,WOOD,Consumer Cyclical,"Furnishings, Fixtures & Appliances",2502946,312.0,79.73,-9.99,-15.31,-49.3,8.3,7.3,4.7,3.6,-4.7,-18.8,10,20,38,7,12,,,,,,0,2026-04-17
416,CBUT,Consumer Defensive,Packaged Foods,39160,855.0,79.62,5.16,11.93,-54.6,11.0,7.6,5.0,3.8,-6.9,-28.8,10,15,35,11,12,,,,,,0,2026-04-17
417,ICBP,Consumer Defensive,Packaged Foods,5481643,7275.0,79.5,-1.03,-0.99,-34.6,2.8,4.9,-0.9,-0.3,-5.2,-17.0,10,35,52,20,6,,,,,,0,2026-04-17
418,CHIP,Communication Services,Telecom Services,94353,1070.0,79.19,-8.53,-13.44,-32.9,0.9,1.9,-0.5,-3.0,-8.4,-18.5,9,7,30,20,8,,,,,,0,2026-04-17
419,MDIY,Consumer Cyclical,Department Stores,2296563,890.0,79.08,7.32,,-46.4,15.6,13.5,-0.1,0.5,-2.1,-17.8,9,43,50,25,7,,,,,,0,2026-04-17
420,ARTO,Financial Services,Banks - Regional,3549120,1450.0,77.71,0.66,-1.67,-38.6,13.3,15.7,4.9,5.1,-4.4,-23.2,9,21,19,13,15,,,,,,0,2026-04-17
421,DOID,Energy,Thermal Coal,12591540,274.0,77.7,-0.79,-6.19,-46.8,9.6,9.1,5.8,5.1,-4.5,-17.8,9,23,35,22,6,,,,,,0,2026-04-17
422,CBDK,Real Estate,Real Estate Services,4052023,4980.0,77.46,10.13,,-47.2,11.2,10.1,4.0,5.8,-7.1,-22.0,8,40,11,18,14,,,,,,0,2026-04-17
423,AMMN,Basic Materials,Other Precious Metals & Mining,35074200,5600.0,76.93,-9.13,-1.99,-36.4,24.2,25.4,5.2,9.2,-11.4,-22.6,8,19,21,25,14,,,,,,0,2026-04-17
424,SAPX,Industrials,Integrated Freight & Logistics,150970,250.0,76.91,0.28,-9.34,-42.1,1.6,2.2,-1.0,-2.4,-7.7,-15.8,8,19,33,27,4,,,,,,0,2026-04-17
425,PTPP,Industrials,Engineering & Construction,10702730,270.0,76.35,-13.9,-13.67,-43.8,19.5,17.3,2.6,-3.8,-15.4,-27.8,8,3,13,14,35,,,,,,0,2026-04-17
426,SPRE,Consumer Cyclical,"Furnishings, Fixtures & Appliances",9662716,106.0,75.32,10.9,126.02,-70.2,45.2,11.7,19.0,18.6,-24.4,-18.2,8,97,3,28,7,,,,,,0,2026-04-17
427,TRUS,Financial Services,Credit Services,49370,388.0,75.26,-4.05,-4.68,-69.8,1.0,0.4,-1.7,-1.7,-6.4,-12.0,7,28,36,34,1,,,,,,0,2026-04-17
428,SONA,Consumer Cyclical,Travel Services,20333,2230.0,74.84,-0.91,-7.3,-53.5,13.5,9.3,4.4,2.8,0.3,-24.0,7,22,70,6,2,,,,,,0,2026-04-17
429,PANI,Real Estate,Real Estate - Development,4823096,8800.0,74.56,9.85,2.57,-47.3,16.9,13.9,6.3,9.5,-1.3,-30.4,7,64,19,8,12,,,,,,0,2026-04-17
430,PDPP,Consumer Cyclical,Packaging & Containers,205440,314.0,74.39,5.21,-3.26,-45.3,6.1,6.5,2.0,1.2,1.0,-22.5,7,48,57,13,3,,,,,,0,2026-04-17
431,FUJI,Financial Services,Credit Services,6697840,400.0,74.13,0.06,30.3,-57.9,34.2,15.6,0.1,5.6,-6.9,-29.6,7,87,5,8,27,,,,,,0,2026-04-17
432,AMRT,Consumer Defensive,Grocery Stores,39246006,1540.0,73.68,4.56,11.25,-40.4,9.6,11.4,3.2,4.4,-5.3,-21.7,6,64,27,24,5,,,,,,0,2026-04-17
433,CCSI,Technology,Communication Equipment,322153,260.0,73.38,1.65,18.88,-36.3,18.2,21.3,2.3,6.6,-6.3,-20.8,6,76,22,17,5,,,,,,0,2026-04-17
434,TIRA,Industrials,Industrial Distribution,115113,935.0,72.82,-10.0,8.09,-60.7,0.0,0.0,-4.8,-7.5,-13.7,-36.0,6,4,27,9,18,,,,,,0,2026-04-17
435,INDO,Consumer Cyclical,Lodging,16191546,167.0,72.55,-4.36,62.54,-67.9,27.5,9.3,0.5,1.4,-26.6,-33.3,6,78,2,14,28,,,,,,0,2026-04-17
436,RCCC,Industrials,Trucking,11083470,105.0,70.95,-5.87,-0.02,-61.1,5.0,2.9,1.3,-0.4,-17.4,-37.1,5,8,8,3,21,,,,,,0,2026-04-17
437,PPRI,Consumer Cyclical,Packaging & Containers,6401840,192.0,70.95,-3.03,38.01,-62.4,45.5,15.9,8.5,7.9,-16.6,-30.4,5,55,8,5,6,,,,,,0,2026-04-17
438,AWAN,Communication Services,Internet Content & Information,788420,161.0,70.88,11.27,11.84,-56.7,14.2,8.7,6.8,6.3,-0.4,-26.8,5,56,33,15,3,,,,,,0,2026-04-17
439,PANR,Consumer Cyclical,Travel Services,457733,520.0,70.73,-2.45,2.12,-52.7,4.4,3.7,2.0,0.6,-7.6,-25.6,5,29,32,19,4,,,,,,0,2026-04-17
440,IOTF,Technology,Communication Equipment,30903646,66.0,70.11,10.0,18.63,-72.0,17.9,5.6,4.3,5.8,-3.7,-23.8,5,68,27,12,2,,,,,,0,2026-04-17
441,KOPI,Energy,Oil & Gas Refining & Marketing,311056,256.0,69.33,1.8,-9.38,-77.1,7.6,2.0,1.1,2.8,-1.7,-18.5,4,19,42,21,1,,,,,,0,2026-04-17
442,AREA,Technology,Information Technology Services,446550,340.0,69.1,-19.57,-11.24,-46.0,14.9,13.2,4.7,5.7,-6.6,-27.8,4,32,10,9,10,,,,,,0,2026-04-17
443,BYAN,Energy,Thermal Coal,93393,12500.0,68.69,0.21,4.39,-37.6,24.7,24.7,7.9,4.3,-6.4,-26.1,4,42,20,14,5,,,,,,0,2026-04-17
444,BABY,Consumer Cyclical,Apparel Retail,1840733,208.0,67.01,-6.58,-12.46,-61.1,13.0,6.8,6.6,3.4,-17.0,-32.9,4,8,9,12,8,,,,,,0,2026-04-17
445,FILM,Communication Services,Entertainment,5686316,2760.0,65.5,-27.18,78.88,-81.0,84.6,9.7,-2.3,-11.2,-54.1,-54.1,3,1,0,3,22,,,,,,0,2026-04-17
446,FWCT,Basic Materials,Lumber & Wood Production,12362766,99.0,65.04,-24.96,-31.29,-54.2,25.3,14.6,4.1,-9.4,-20.0,-30.7,3,1,15,9,3,,,,,,0,2026-04-17
447,NETV,Communication Services,Broadcasting,100566533,100.0,64.96,-2.58,17.59,-57.6,47.1,19.0,6.8,13.4,-3.3,-21.1,3,84,5,23,6,,,,,,0,2026-04-17
448,NAIK,Basic Materials,Building Materials,6202383,103.0,64.95,2.05,0.62,-83.1,13.2,2.3,4.8,6.8,-0.0,-20.2,3,68,39,23,0,,,,,,0,2026-04-17
449,GMTD,Real Estate,Real Estate - Development,9586,1525.0,60.68,-1.72,13.34,-54.3,7.8,5.7,-0.3,0.3,-17.0,-31.6,3,38,6,17,3,,,,,,0,2026-04-17
450,DMMX,Communication Services,Advertising Agencies,809733,232.0,60.65,3.61,27.61,-47.0,26.8,19.2,7.7,12.8,-7.6,-32.3,2,84,10,5,4,,,,,,0,2026-04-17
451,GPSO,Technology,Scientific & Technical Instruments,4869706,336.0,60.02,-26.68,-27.66,-74.6,33.3,7.8,5.9,6.4,-15.5,-38.8,2,14,4,2,4,,,,,,0,2026-04-17
452,SNLK,Consumer Cyclical,Lodging,8313293,262.0,58.31,-2.25,4.67,-63.1,22.4,9.7,5.7,9.3,-12.2,-36.2,2,9,16,10,2,,,,,,0,2026-04-17
453,APLI,Consumer Cyclical,Packaging & Containers,234213,242.0,56.14,-3.19,3.74,-59.7,16.3,8.7,2.6,-0.7,-18.9,-42.2,2,5,10,4,2,,,,,,0,2026-04-17
454,KARW,Industrials,Marine Shipping,150426,298.0,55.72,6.16,-10.23,-86.5,16.4,2.1,0.3,-2.5,-5.6,-43.4,2,27,30,7,1,,,,,,0,2026-04-17
455,BBSS,Industrials,Engineering & Construction,2365813,188.0,54.22,-10.68,29.95,-74.2,23.7,6.2,8.3,10.3,-15.7,-40.3,1,53,0,7,15,,,,,,0,2026-04-17
456,MLPT,Technology,Information Technology Services,47773,29150.0,52.77,0.26,41.44,-87.1,119.6,7.5,60.4,71.5,6.5,-55.6,1,97,1,0,7,,,,,,0,2026-04-17
457,MCAS,Industrials,Business Equipment & Supplies,202306,340.0,40.56,-11.24,-15.85,-80.6,3.7,0.8,-0.5,-11.3,-26.4,-54.7,1,1,7,1,0,,,,,,0,2026-04-17
458,LCKM,Communication Services,Telecom Services,3298073,91.0,38.52,-41.77,-22.97,-74.1,8.3,2.6,2.8,-18.6,-49.4,-58.4,1,0,0,2,2,,,,,,0,2026-04-17
459,UNIQ,Energy,Thermal Coal,3423150,137.0,37.0,5.59,13.72,-78.4,11.4,2.7,5.2,5.3,-16.3,-58.2,0,43,2,1,1,,,,,,0,2026-04-17
460,JSPT,Real Estate,Real Estate Services,57793,1490.0,36.3,3.6,22.03,-84.9,18.7,2.7,3.5,4.3,-21.3,-55.2,0,35,3,2,0,,,,,,0,2026-04-17
